id,name,types,abilities,sprite_url,hp,attack,defense,special-attack,special-defense,speed,special_category,has_mega,mega_name,mega_sprite_url,mega_types,mega_abilities,mega_hp,mega_attack,mega_defense,mega_special-attack,mega_special-defense,mega_speed,has_mega_2,mega_2_name,mega_2_sprite_url,mega_2_types,mega_2_abilities,mega_2_hp,mega_2_attack,mega_2_defense,mega_2_special-attack,mega_2_special-defense,mega_2_speed
1,bulbasaur,"grass,poison","overgrow,chlorophyll",https://raw.githubusercontent.com/PokeAPI/sprites/master/sprites/pokemon/other/official-artwork/1.png,45,49,49,65,65,45,,FALSE,,,,,,,,,,,FALSE,,,,,,,,,,
2,ivysaur,"grass,poison","overgrow,chlorophyll",https://raw.githubusercontent.com/PokeAPI/sprites/master/sprites/pokemon/other/official-artwork/2.png,60,62,63,80,80,60,,FALSE,,,,,,,,,,,FALSE,,,,,,,,,,
3,venusaur,"grass,poison","overgrow,chlorophyll",https://raw.githubusercontent.com/PokeAPI/sprites/master/sprites/pokemon/other/official-artwork/3.png,80,82,83,100,100,80,,TRUE,venusaur-mega,https://raw.githubusercontent.com/PokeAPI/sprites/master/sprites/pokemon/other/official-artwork/10033.png,"grass,poison",thick-fat,80,100,123,122,120,80,FALSE,,,,,,,,,,
4,charmander,fire,"blaze,solar-power",https://raw.githubusercontent.com/PokeAPI/sprites/master/sprites/pokemon/other/official-artwork/4.png,39,52,43,60,50,65,,FALSE,,,,,,,,,,,FALSE,,,,,,,,,,
5,charmeleon,fire,"blaze,solar-power",https://raw.githubusercontent.com/PokeAPI/sprites/master/sprites/pokemon/other/official-artwork/5.png,58,64,58,80,65,80,,FALSE,,,,,,,,,,,FALSE,,,,,,,,,,
6,charizard,"fire,flying","blaze,solar-power",https://raw.githubusercontent.com/PokeAPI/sprites/master/sprites/pokemon/other/official-artwork/6.png,78,84,78,109,85,100,,TRUE,charizard-mega-x,https://raw.githubusercontent.com/PokeAPI/sprites/master/sprites/pokemon/other/official-artwork/10034.png,"fire,dragon",tough-claws,78,130,111,130,85,100,TRUE,charizard-mega-y,https://raw.githubusercontent.com/PokeAPI/sprites/master/sprites/pokemon/other/official-artwork/10035.png,"fire,flying",drought,78,104,78,159,115,100
7,squirtle,water,"torrent,rain-dish",https://raw.githubusercontent.com/PokeAPI/sprites/master/sprites/pokemon/other/official-artwork/7.png,44,48,65,50,64,43,,FALSE,,,,,,,,,,,FALSE,,,,,,,,,,
8,wartortle,water,"torrent,rain-dish",https://raw.githubusercontent.com/PokeAPI/sprites/master/sprites/pokemon/other/official-artwork/8.png,59,63,80,65,80,58,,FALSE,,,,,,,,,,,FALSE,,,,,,,,,,
9,blastoise,water,"torrent,rain-dish",https://raw.githubusercontent.com/PokeAPI/sprites/master/sprites/pokemon/other/official-artwork/9.png,79,83,100,85,105,78,,TRUE,blastoise-mega,https://raw.githubusercontent.com/PokeAPI/sprites/master/sprites/pokemon/other/official-artwork/10036.png,water,mega-launcher,79,103,120,135,115,78,FALSE,,,,,,,,,,
10,caterpie,bug,"shield-dust,run-away",https://raw.githubusercontent.com/PokeAPI/sprites/master/sprites/pokemon/other/official-artwork/10.png,45,30,35,20,20,45,,FALSE,,,,,,,,,,,FALSE,,,,,,,,,,
11,metapod,bug,shed-skin,https://raw.githubusercontent.com/PokeAPI/sprites/master/sprites/pokemon/other/official-artwork/11.png,50,20,55,25,25,30,,FALSE,,,,,,,,,,,FALSE,,,,,,,,,,
12,butterfree,"bug,flying","compound-eyes,tinted-lens",https://raw.githubusercontent.com/PokeAPI/sprites/master/sprites/pokemon/other/official-artwork/12.png,60,45,50,90,80,70,,FALSE,,,,,,,,,,,FALSE,,,,,,,,,,
13,weedle,"bug,poison","shield-dust,run-away",https://raw.githubusercontent.com/PokeAPI/sprites/master/sprites/pokemon/other/official-artwork/13.png,40,35,30,20,20,50,,FALSE,,,,,,,,,,,FALSE,,,,,,,,,,
14,kakuna,"bug,poison",shed-skin,https://raw.githubusercontent.com/PokeAPI/sprites/master/sprites/pokemon/other/official-artwork/14.png,45,25,50,25,25,35,,FALSE,,,,,,,,,,,FALSE,,,,,,,,,,
15,beedrill,"bug,poison","swarm,sniper",https://raw.githubusercontent.com/PokeAPI/sprites/master/sprites/pokemon/other/official-artwork/15.png,65,90,40,45,80,75,,TRUE,beedrill-mega,https://raw.githubusercontent.com/PokeAPI/sprites/master/sprites/pokemon/other/official-artwork/10090.png,"bug,poison",adaptability,65,150,40,15,80,145,FALSE,,,,,,,,,,
16,pidgey,"normal,flying","keen-eye,tangled-feet,big-pecks",https://raw.githubusercontent.com/PokeAPI/sprites/master/sprites/pokemon/other/official-artwork/16.png,40,45,40,35,35,56,,FALSE,,,,,,,,,,,FALSE,,,,,,,,,,
17,pidgeotto,"normal,flying","keen-eye,tangled-feet,big-pecks",https://raw.githubusercontent.com/PokeAPI/sprites/master/sprites/pokemon/other/official-artwork/17.png,63,60,55,50,50,71,,FALSE,,,,,,,,,,,FALSE,,,,,,,,,,
18,pidgeot,"normal,flying","keen-eye,tangled-feet,big-pecks",https://raw.githubusercontent.com/PokeAPI/sprites/master/sprites/pokemon/other/official-artwork/18.png,83,80,75,70,70,101,,TRUE,pidgeot-mega,https://raw.githubusercontent.com/PokeAPI/sprites/master/sprites/pokemon/other/official-artwork/10073.png,"normal,flying",no-guard,83,80,80,135,80,121,FALSE,,,,,,,,,,
19,rattata,normal,"run-away,guts,hustle",https://raw.githubusercontent.com/PokeAPI/sprites/master/sprites/pokemon/other/official-artwork/19.png,30,56,35,25,35,72,,FALSE,,,,,,,,,,,FALSE,,,,,,,,,,
20,raticate,normal,"run-away,guts,hustle",https://raw.githubusercontent.com/PokeAPI/sprites/master/sprites/pokemon/other/official-artwork/20.png,55,81,60,50,70,97,,FALSE,,,,,,,,,,,FALSE,,,,,,,,,,
21,spearow,"normal,flying","keen-eye,sniper",https://raw.githubusercontent.com/PokeAPI/sprites/master/sprites/pokemon/other/official-artwork/21.png,40,60,30,31,31,70,,FALSE,,,,,,,,,,,FALSE,,,,,,,,,,
22,fearow,"normal,flying","keen-eye,sniper",https://raw.githubusercontent.com/PokeAPI/sprites/master/sprites/pokemon/other/official-artwork/22.png,65,90,65,61,61,100,,FALSE,,,,,,,,,,,FALSE,,,,,,,,,,
23,ekans,poison,"intimidate,shed-skin,unnerve",https://raw.githubusercontent.com/PokeAPI/sprites/master/sprites/pokemon/other/official-artwork/23.png,35,60,44,40,54,55,,FALSE,,,,,,,,,,,FALSE,,,,,,,,,,
24,arbok,poison,"intimidate,shed-skin,unnerve",https://raw.githubusercontent.com/PokeAPI/sprites/master/sprites/pokemon/other/official-artwork/24.png,60,95,69,65,79,80,,FALSE,,,,,,,,,,,FALSE,,,,,,,,,,
25,pikachu,electric,"static,lightning-rod",https://raw.githubusercontent.com/PokeAPI/sprites/master/sprites/pokemon/other/official-artwork/25.png,35,55,40,50,50,90,,FALSE,,,,,,,,,,,FALSE,,,,,,,,,,
26,raichu,electric,"static,lightning-rod",https://raw.githubusercontent.com/PokeAPI/sprites/master/sprites/pokemon/other/official-artwork/26.png,60,90,55,90,80,110,,FALSE,,,,,,,,,,,FALSE,,,,,,,,,,
27,sandshrew,ground,"sand-veil,sand-rush",https://raw.githubusercontent.com/PokeAPI/sprites/master/sprites/pokemon/other/official-artwork/27.png,50,75,85,20,30,40,,FALSE,,,,,,,,,,,FALSE,,,,,,,,,,
28,sandslash,ground,"sand-veil,sand-rush",https://raw.githubusercontent.com/PokeAPI/sprites/master/sprites/pokemon/other/official-artwork/28.png,75,100,110,45,55,65,,FALSE,,,,,,,,,,,FALSE,,,,,,,,,,
29,nidoran-f,poison,"poison-point,rivalry,hustle",https://raw.githubusercontent.com/PokeAPI/sprites/master/sprites/pokemon/other/official-artwork/29.png,55,47,52,40,40,41,,FALSE,,,,,,,,,,,FALSE,,,,,,,,,,
30,nidorina,poison,"poison-point,rivalry,hustle",https://raw.githubusercontent.com/PokeAPI/sprites/master/sprites/pokemon/other/official-artwork/30.png,70,62,67,55,55,56,,FALSE,,,,,,,,,,,FALSE,,,,,,,,,,
31,nidoqueen,"poison,ground","poison-point,rivalry,sheer-force",https://raw.githubusercontent.com/PokeAPI/sprites/master/sprites/pokemon/other/official-artwork/31.png,90,92,87,75,85,76,,FALSE,,,,,,,,,,,FALSE,,,,,,,,,,
32,nidoran-m,poison,"poison-point,rivalry,hustle",https://raw.githubusercontent.com/PokeAPI/sprites/master/sprites/pokemon/other/official-artwork/32.png,46,57,40,40,40,50,,FALSE,,,,,,,,,,,FALSE,,,,,,,,,,
33,nidorino,poison,"poison-point,rivalry,hustle",https://raw.githubusercontent.com/PokeAPI/sprites/master/sprites/pokemon/other/official-artwork/33.png,61,72,57,55,55,65,,FALSE,,,,,,,,,,,FALSE,,,,,,,,,,
34,nidoking,"poison,ground","poison-point,rivalry,sheer-force",https://raw.githubusercontent.com/PokeAPI/sprites/master/sprites/pokemon/other/official-artwork/34.png,81,102,77,85,75,85,,FALSE,,,,,,,,,,,FALSE,,,,,,,,,,
35,clefairy,fairy,"cute-charm,magic-guard,friend-guard",https://raw.githubusercontent.com/PokeAPI/sprites/master/sprites/pokemon/other/official-artwork/35.png,70,45,48,60,65,35,,FALSE,,,,,,,,,,,FALSE,,,,,,,,,,
36,clefable,fairy,"cute-charm,magic-guard,unaware",https://raw.githubusercontent.com/PokeAPI/sprites/master/sprites/pokemon/other/official-artwork/36.png,95,70,73,95,90,60,,FALSE,,,,,,,,,,,FALSE,,,,,,,,,,
37,vulpix,fire,"flash-fire,drought",https://raw.githubusercontent.com/PokeAPI/sprites/master/sprites/pokemon/other/official-artwork/37.png,38,41,40,50,65,65,,FALSE,,,,,,,,,,,FALSE,,,,,,,,,,
38,ninetales,fire,"flash-fire,drought",https://raw.githubusercontent.com/PokeAPI/sprites/master/sprites/pokemon/other/official-artwork/38.png,73,76,75,81,100,100,,FALSE,,,,,,,,,,,FALSE,,,,,,,,,,
39,jigglypuff,"normal,fairy","cute-charm,competitive,friend-guard",https://raw.githubusercontent.com/PokeAPI/sprites/master/sprites/pokemon/other/official-artwork/39.png,115,45,20,45,25,20,,FALSE,,,,,,,,,,,FALSE,,,,,,,,,,
40,wigglytuff,"normal,fairy","cute-charm,competitive,frisk",https://raw.githubusercontent.com/PokeAPI/sprites/master/sprites/pokemon/other/official-artwork/40.png,140,70,45,85,50,45,,FALSE,,,,,,,,,,,FALSE,,,,,,,,,,
41,zubat,"poison,flying","inner-focus,infiltrator",https://raw.githubusercontent.com/PokeAPI/sprites/master/sprites/pokemon/other/official-artwork/41.png,40,45,35,30,40,55,,FALSE,,,,,,,,,,,FALSE,,,,,,,,,,
42,golbat,"poison,flying","inner-focus,infiltrator",https://raw.githubusercontent.com/PokeAPI/sprites/master/sprites/pokemon/other/official-artwork/42.png,75,80,70,65,75,90,,FALSE,,,,,,,,,,,FALSE,,,,,,,,,,
43,oddish,"grass,poison","chlorophyll,run-away",https://raw.githubusercontent.com/PokeAPI/sprites/master/sprites/pokemon/other/official-artwork/43.png,45,50,55,75,65,30,,FALSE,,,,,,,,,,,FALSE,,,,,,,,,,
44,gloom,"grass,poison","chlorophyll,stench",https://raw.githubusercontent.com/PokeAPI/sprites/master/sprites/pokemon/other/official-artwork/44.png,60,65,70,85,75,40,,FALSE,,,,,,,,,,,FALSE,,,,,,,,,,
45,vileplume,"grass,poison","chlorophyll,effect-spore",https://raw.githubusercontent.com/PokeAPI/sprites/master/sprites/pokemon/other/official-artwork/45.png,75,80,85,110,90,50,,FALSE,,,,,,,,,,,FALSE,,,,,,,,,,
46,paras,"bug,grass","effect-spore,dry-skin,damp",https://raw.githubusercontent.com/PokeAPI/sprites/master/sprites/pokemon/other/official-artwork/46.png,35,70,55,45,55,25,,FALSE,,,,,,,,,,,FALSE,,,,,,,,,,
47,parasect,"bug,grass","effect-spore,dry-skin,damp",https://raw.githubusercontent.com/PokeAPI/sprites/master/sprites/pokemon/other/official-artwork/47.png,60,95,80,60,80,30,,FALSE,,,,,,,,,,,FALSE,,,,,,,,,,
48,venonat,"bug,poison","compound-eyes,tinted-lens,run-away",https://raw.githubusercontent.com/PokeAPI/sprites/master/sprites/pokemon/other/official-artwork/48.png,60,55,50,40,55,45,,FALSE,,,,,,,,,,,FALSE,,,,,,,,,,
49,venomoth,"bug,poison","shield-dust,tinted-lens,wonder-skin",https://raw.githubusercontent.com/PokeAPI/sprites/master/sprites/pokemon/other/official-artwork/49.png,70,65,60,90,75,90,,FALSE,,,,,,,,,,,FALSE,,,,,,,,,,
50,diglett,ground,"sand-veil,arena-trap,sand-force",https://raw.githubusercontent.com/PokeAPI/sprites/master/sprites/pokemon/other/official-artwork/50.png,10,55,25,35,45,95,,FALSE,,,,,,,,,,,FALSE,,,,,,,,,,
51,dugtrio,ground,"sand-veil,arena-trap,sand-force",https://raw.githubusercontent.com/PokeAPI/sprites/master/sprites/pokemon/other/official-artwork/51.png,35,100,50,50,70,120,,FALSE,,,,,,,,,,,FALSE,,,,,,,,,,
52,meowth,normal,"pickup,technician,unnerve",https://raw.githubusercontent.com/PokeAPI/sprites/master/sprites/pokemon/other/official-artwork/52.png,40,45,35,40,40,90,,FALSE,,,,,,,,,,,FALSE,,,,,,,,,,
53,persian,normal,"limber,technician,unnerve",https://raw.githubusercontent.com/PokeAPI/sprites/master/sprites/pokemon/other/official-artwork/53.png,65,70,60,65,65,115,,FALSE,,,,,,,,,,,FALSE,,,,,,,,,,
54,psyduck,water,"damp,cloud-nine,swift-swim",https://raw.githubusercontent.com/PokeAPI/sprites/master/sprites/pokemon/other/official-artwork/54.png,50,52,48,65,50,55,,FALSE,,,,,,,,,,,FALSE,,,,,,,,,,
55,golduck,water,"damp,cloud-nine,swift-swim",https://raw.githubusercontent.com/PokeAPI/sprites/master/sprites/pokemon/other/official-artwork/55.png,80,82,78,95,80,85,,FALSE,,,,,,,,,,,FALSE,,,,,,,,,,
56,mankey,fighting,"vital-spirit,anger-point,defiant",https://raw.githubusercontent.com/PokeAPI/sprites/master/sprites/pokemon/other/official-artwork/56.png,40,80,35,35,45,70,,FALSE,,,,,,,,,,,FALSE,,,,,,,,,,
57,primeape,fighting,"vital-spirit,anger-point,defiant",https://raw.githubusercontent.com/PokeAPI/sprites/master/sprites/pokemon/other/official-artwork/57.png,65,105,60,60,70,95,,FALSE,,,,,,,,,,,FALSE,,,,,,,,,,
58,growlithe,fire,"intimidate,flash-fire,justified",https://raw.githubusercontent.com/PokeAPI/sprites/master/sprites/pokemon/other/official-artwork/58.png,55,70,45,70,50,60,,FALSE,,,,,,,,,,,FALSE,,,,,,,,,,
59,arcanine,fire,"intimidate,flash-fire,justified",https://raw.githubusercontent.com/PokeAPI/sprites/master/sprites/pokemon/other/official-artwork/59.png,90,110,80,100,80,95,,FALSE,,,,,,,,,,,FALSE,,,,,,,,,,
60,poliwag,water,"water-absorb,damp,swift-swim",https://raw.githubusercontent.com/PokeAPI/sprites/master/sprites/pokemon/other/official-artwork/60.png,40,50,40,40,40,90,,FALSE,,,,,,,,,,,FALSE,,,,,,,,,,
61,poliwhirl,water,"water-absorb,damp,swift-swim",https://raw.githubusercontent.com/PokeAPI/sprites/master/sprites/pokemon/other/official-artwork/61.png,65,65,65,50,50,90,,FALSE,,,,,,,,,,,FALSE,,,,,,,,,,
62,poliwrath,"water,fighting","water-absorb,damp,swift-swim",https://raw.githubusercontent.com/PokeAPI/sprites/master/sprites/pokemon/other/official-artwork/62.png,90,95,95,70,90,70,,FALSE,,,,,,,,,,,FALSE,,,,,,,,,,
63,abra,psychic,"synchronize,inner-focus,magic-guard",https://raw.githubusercontent.com/PokeAPI/sprites/master/sprites/pokemon/other/official-artwork/63.png,25,20,15,105,55,90,,FALSE,,,,,,,,,,,FALSE,,,,,,,,,,
64,kadabra,psychic,"synchronize,inner-focus,magic-guard",https://raw.githubusercontent.com/PokeAPI/sprites/master/sprites/pokemon/other/official-artwork/64.png,40,35,30,120,70,105,,FALSE,,,,,,,,,,,FALSE,,,,,,,,,,
65,alakazam,psychic,"synchronize,inner-focus,magic-guard",https://raw.githubusercontent.com/PokeAPI/sprites/master/sprites/pokemon/other/official-artwork/65.png,55,50,45,135,95,120,,TRUE,alakazam-mega,https://raw.githubusercontent.com/PokeAPI/sprites/master/sprites/pokemon/other/official-artwork/10037.png,psychic,trace,55,50,65,175,105,150,FALSE,,,,,,,,,,
66,machop,fighting,"guts,no-guard,steadfast",https://raw.githubusercontent.com/PokeAPI/sprites/master/sprites/pokemon/other/official-artwork/66.png,70,80,50,35,35,35,,FALSE,,,,,,,,,,,FALSE,,,,,,,,,,
67,machoke,fighting,"guts,no-guard,steadfast",https://raw.githubusercontent.com/PokeAPI/sprites/master/sprites/pokemon/other/official-artwork/67.png,80,100,70,50,60,45,,FALSE,,,,,,,,,,,FALSE,,,,,,,,,,
68,machamp,fighting,"guts,no-guard,steadfast",https://raw.githubusercontent.com/PokeAPI/sprites/master/sprites/pokemon/other/official-artwork/68.png,90,130,80,65,85,55,,FALSE,,,,,,,,,,,FALSE,,,,,,,,,,
69,bellsprout,"grass,poison","chlorophyll,gluttony",https://raw.githubusercontent.com/PokeAPI/sprites/master/sprites/pokemon/other/official-artwork/69.png,50,75,35,70,30,40,,FALSE,,,,,,,,,,,FALSE,,,,,,,,,,
70,weepinbell,"grass,poison","chlorophyll,gluttony",https://raw.githubusercontent.com/PokeAPI/sprites/master/sprites/pokemon/other/official-artwork/70.png,65,90,50,85,45,55,,FALSE,,,,,,,,,,,FALSE,,,,,,,,,,
71,victreebel,"grass,poison","chlorophyll,gluttony",https://raw.githubusercontent.com/PokeAPI/sprites/master/sprites/pokemon/other/official-artwork/71.png,80,105,65,100,70,70,,FALSE,,,,,,,,,,,FALSE,,,,,,,,,,
72,tentacool,"water,poison","clear-body,liquid-ooze,rain-dish",https://raw.githubusercontent.com/PokeAPI/sprites/master/sprites/pokemon/other/official-artwork/72.png,40,40,35,50,100,70,,FALSE,,,,,,,,,,,FALSE,,,,,,,,,,
73,tentacruel,"water,poison","clear-body,liquid-ooze,rain-dish",https://raw.githubusercontent.com/PokeAPI/sprites/master/sprites/pokemon/other/official-artwork/73.png,80,70,65,80,120,100,,FALSE,,,,,,,,,,,FALSE,,,,,,,,,,
74,geodude,"rock,ground","rock-head,sturdy,sand-veil",https://raw.githubusercontent.com/PokeAPI/sprites/master/sprites/pokemon/other/official-artwork/74.png,40,80,100,30,30,20,,FALSE,,,,,,,,,,,FALSE,,,,,,,,,,
75,graveler,"rock,ground","rock-head,sturdy,sand-veil",https://raw.githubusercontent.com/PokeAPI/sprites/master/sprites/pokemon/other/official-artwork/75.png,55,95,115,45,45,35,,FALSE,,,,,,,,,,,FALSE,,,,,,,,,,
76,golem,"rock,ground","rock-head,sturdy,sand-veil",https://raw.githubusercontent.com/PokeAPI/sprites/master/sprites/pokemon/other/official-artwork/76.png,80,120,130,55,65,45,,FALSE,,,,,,,,,,,FALSE,,,,,,,,,,
77,ponyta,fire,"run-away,flash-fire,flame-body",https://raw.githubusercontent.com/PokeAPI/sprites/master/sprites/pokemon/other/official-artwork/77.png,50,85,55,65,65,90,,FALSE,,,,,,,,,,,FALSE,,,,,,,,,,
78,rapidash,fire,"run-away,flash-fire,flame-body",https://raw.githubusercontent.com/PokeAPI/sprites/master/sprites/pokemon/other/official-artwork/78.png,65,100,70,80,80,105,,FALSE,,,,,,,,,,,FALSE,,,,,,,,,,
79,slowpoke,"water,psychic","oblivious,own-tempo,regenerator",https://raw.githubusercontent.com/PokeAPI/sprites/master/sprites/pokemon/other/official-artwork/79.png,90,65,65,40,40,15,,FALSE,,,,,,,,,,,FALSE,,,,,,,,,,
80,slowbro,"water,psychic","oblivious,own-tempo,regenerator",https://raw.githubusercontent.com/PokeAPI/sprites/master/sprites/pokemon/other/official-artwork/80.png,95,75,110,100,80,30,,TRUE,slowbro-mega,https://raw.githubusercontent.com/PokeAPI/sprites/master/sprites/pokemon/other/official-artwork/10071.png,"water,psychic",shell-armor,95,75,180,130,80,30,FALSE,,,,,,,,,,
81,magnemite,"electric,steel","magnet-pull,sturdy,analytic",https://raw.githubusercontent.com/PokeAPI/sprites/master/sprites/pokemon/other/official-artwork/81.png,25,35,70,95,55,45,,FALSE,,,,,,,,,,,FALSE,,,,,,,,,,
82,magneton,"electric,steel","magnet-pull,sturdy,analytic",https://raw.githubusercontent.com/PokeAPI/sprites/master/sprites/pokemon/other/official-artwork/82.png,50,60,95,120,70,70,,FALSE,,,,,,,,,,,FALSE,,,,,,,,,,
83,farfetchd,"normal,flying","keen-eye,inner-focus,defiant",https://raw.githubusercontent.com/PokeAPI/sprites/master/sprites/pokemon/other/official-artwork/83.png,52,90,55,58,62,60,,FALSE,,,,,,,,,,,FALSE,,,,,,,,,,
84,doduo,"normal,flying","run-away,early-bird,tangled-feet",https://raw.githubusercontent.com/PokeAPI/sprites/master/sprites/pokemon/other/official-artwork/84.png,35,85,45,35,35,75,,FALSE,,,,,,,,,,,FALSE,,,,,,,,,,
85,dodrio,"normal,flying","run-away,early-bird,tangled-feet",https://raw.githubusercontent.com/PokeAPI/sprites/master/sprites/pokemon/other/official-artwork/85.png,60,110,70,60,60,110,,FALSE,,,,,,,,,,,FALSE,,,,,,,,,,
86,seel,water,"thick-fat,hydration,ice-body",https://raw.githubusercontent.com/PokeAPI/sprites/master/sprites/pokemon/other/official-artwork/86.png,65,45,55,45,70,45,,FALSE,,,,,,,,,,,FALSE,,,,,,,,,,
87,dewgong,"water,ice","thick-fat,hydration,ice-body",https://raw.githubusercontent.com/PokeAPI/sprites/master/sprites/pokemon/other/official-artwork/87.png,90,70,80,70,95,70,,FALSE,,,,,,,,,,,FALSE,,,,,,,,,,
88,grimer,poison,"stench,sticky-hold,poison-touch",https://raw.githubusercontent.com/PokeAPI/sprites/master/sprites/pokemon/other/official-artwork/88.png,80,80,50,40,50,25,,FALSE,,,,,,,,,,,FALSE,,,,,,,,,,
89,muk,poison,"stench,sticky-hold,poison-touch",https://raw.githubusercontent.com/PokeAPI/sprites/master/sprites/pokemon/other/official-artwork/89.png,105,105,75,65,100,50,,FALSE,,,,,,,,,,,FALSE,,,,,,,,,,
90,shellder,water,"shell-armor,skill-link,overcoat",https://raw.githubusercontent.com/PokeAPI/sprites/master/sprites/pokemon/other/official-artwork/90.png,30,65,100,45,25,40,,FALSE,,,,,,,,,,,FALSE,,,,,,,,,,
91,cloyster,"water,ice","shell-armor,skill-link,overcoat",https://raw.githubusercontent.com/PokeAPI/sprites/master/sprites/pokemon/other/official-artwork/91.png,50,95,180,85,45,70,,FALSE,,,,,,,,,,,FALSE,,,,,,,,,,
92,gastly,"ghost,poison",levitate,https://raw.githubusercontent.com/PokeAPI/sprites/master/sprites/pokemon/other/official-artwork/92.png,30,35,30,100,35,80,,FALSE,,,,,,,,,,,FALSE,,,,,,,,,,
93,haunter,"ghost,poison",levitate,https://raw.githubusercontent.com/PokeAPI/sprites/master/sprites/pokemon/other/official-artwork/93.png,45,50,45,115,55,95,,FALSE,,,,,,,,,,,FALSE,,,,,,,,,,
94,gengar,"ghost,poison",cursed-body,https://raw.githubusercontent.com/PokeAPI/sprites/master/sprites/pokemon/other/official-artwork/94.png,60,65,60,130,75,110,,TRUE,gengar-mega,https://raw.githubusercontent.com/PokeAPI/sprites/master/sprites/pokemon/other/official-artwork/10038.png,"ghost,poison",shadow-tag,60,65,80,170,95,130,FALSE,,,,,,,,,,
95,onix,"rock,ground","rock-head,sturdy,weak-armor",https://raw.githubusercontent.com/PokeAPI/sprites/master/sprites/pokemon/other/official-artwork/95.png,35,45,160,30,45,70,,FALSE,,,,,,,,,,,FALSE,,,,,,,,,,
96,drowzee,psychic,"insomnia,forewarn,inner-focus",https://raw.githubusercontent.com/PokeAPI/sprites/master/sprites/pokemon/other/official-artwork/96.png,60,48,45,43,90,42,,FALSE,,,,,,,,,,,FALSE,,,,,,,,,,
97,hypno,psychic,"insomnia,forewarn,inner-focus",https://raw.githubusercontent.com/PokeAPI/sprites/master/sprites/pokemon/other/official-artwork/97.png,85,73,70,73,115,67,,FALSE,,,,,,,,,,,FALSE,,,,,,,,,,
98,krabby,water,"hyper-cutter,shell-armor,sheer-force",https://raw.githubusercontent.com/PokeAPI/sprites/master/sprites/pokemon/other/official-artwork/98.png,30,105,90,25,25,50,,FALSE,,,,,,,,,,,FALSE,,,,,,,,,,
99,kingler,water,"hyper-cutter,shell-armor,sheer-force",https://raw.githubusercontent.com/PokeAPI/sprites/master/sprites/pokemon/other/official-artwork/99.png,55,130,115,50,50,75,,FALSE,,,,,,,,,,,FALSE,,,,,,,,,,
100,voltorb,electric,"soundproof,static,aftermath",https://raw.githubusercontent.com/PokeAPI/sprites/master/sprites/pokemon/other/official-artwork/100.png,40,30,50,55,55,100,,FALSE,,,,,,,,,,,FALSE,,,,,,,,,,
101,electrode,electric,"soundproof,static,aftermath",https://raw.githubusercontent.com/PokeAPI/sprites/master/sprites/pokemon/other/official-artwork/101.png,60,50,70,80,80,150,,FALSE,,,,,,,,,,,FALSE,,,,,,,,,,
102,exeggcute,"grass,psychic","chlorophyll,harvest",https://raw.githubusercontent.com/PokeAPI/sprites/master/sprites/pokemon/other/official-artwork/102.png,60,40,80,60,45,40,,FALSE,,,,,,,,,,,FALSE,,,,,,,,,,
103,exeggutor,"grass,psychic","chlorophyll,harvest",https://raw.githubusercontent.com/PokeAPI/sprites/master/sprites/pokemon/other/official-artwork/103.png,95,95,85,125,75,55,,FALSE,,,,,,,,,,,FALSE,,,,,,,,,,
104,cubone,ground,"rock-head,lightning-rod,battle-armor",https://raw.githubusercontent.com/PokeAPI/sprites/master/sprites/pokemon/other/official-artwork/104.png,50,50,95,40,50,35,,FALSE,,,,,,,,,,,FALSE,,,,,,,,,,
105,marowak,ground,"rock-head,lightning-rod,battle-armor",https://raw.githubusercontent.com/PokeAPI/sprites/master/sprites/pokemon/other/official-artwork/105.png,60,80,110,50,80,45,,FALSE,,,,,,,,,,,FALSE,,,,,,,,,,
106,hitmonlee,fighting,"limber,reckless,unburden",https://raw.githubusercontent.com/PokeAPI/sprites/master/sprites/pokemon/other/official-artwork/106.png,50,120,53,35,110,87,,FALSE,,,,,,,,,,,FALSE,,,,,,,,,,
107,hitmonchan,fighting,"keen-eye,iron-fist,inner-focus",https://raw.githubusercontent.com/PokeAPI/sprites/master/sprites/pokemon/other/official-artwork/107.png,50,105,79,35,110,76,,FALSE,,,,,,,,,,,FALSE,,,,,,,,,,
108,lickitung,normal,"own-tempo,oblivious,cloud-nine",https://raw.githubusercontent.com/PokeAPI/sprites/master/sprites/pokemon/other/official-artwork/108.png,90,55,75,60,75,30,,FALSE,,,,,,,,,,,FALSE,,,,,,,,,,
109,koffing,poison,"levitate,neutralizing-gas,stench",https://raw.githubusercontent.com/PokeAPI/sprites/master/sprites/pokemon/other/official-artwork/109.png,40,65,95,60,45,35,,FALSE,,,,,,,,,,,FALSE,,,,,,,,,,
110,weezing,poison,"levitate,neutralizing-gas,stench",https://raw.githubusercontent.com/PokeAPI/sprites/master/sprites/pokemon/other/official-artwork/110.png,65,90,120,85,70,60,,FALSE,,,,,,,,,,,FALSE,,,,,,,,,,
111,rhyhorn,"ground,rock","lightning-rod,rock-head,reckless",https://raw.githubusercontent.com/PokeAPI/sprites/master/sprites/pokemon/other/official-artwork/111.png,80,85,95,30,30,25,,FALSE,,,,,,,,,,,FALSE,,,,,,,,,,
112,rhydon,"ground,rock","lightning-rod,rock-head,reckless",https://raw.githubusercontent.com/PokeAPI/sprites/master/sprites/pokemon/other/official-artwork/112.png,105,130,120,45,45,40,,FALSE,,,,,,,,,,,FALSE,,,,,,,,,,
113,chansey,normal,"natural-cure,serene-grace,healer",https://raw.githubusercontent.com/PokeAPI/sprites/master/sprites/pokemon/other/official-artwork/113.png,250,5,5,35,105,50,,FALSE,,,,,,,,,,,FALSE,,,,,,,,,,
114,tangela,grass,"chlorophyll,leaf-guard,regenerator",https://raw.githubusercontent.com/PokeAPI/sprites/master/sprites/pokemon/other/official-artwork/114.png,65,55,115,100,40,60,,FALSE,,,,,,,,,,,FALSE,,,,,,,,,,
115,kangaskhan,normal,"early-bird,scrappy,inner-focus",https://raw.githubusercontent.com/PokeAPI/sprites/master/sprites/pokemon/other/official-artwork/115.png,105,95,80,40,80,90,,TRUE,kangaskhan-mega,https://raw.githubusercontent.com/PokeAPI/sprites/master/sprites/pokemon/other/official-artwork/10039.png,normal,parental-bond,105,125,100,60,100,100,FALSE,,,,,,,,,,
116,horsea,water,"swift-swim,sniper,damp",https://raw.githubusercontent.com/PokeAPI/sprites/master/sprites/pokemon/other/official-artwork/116.png,30,40,70,70,25,60,,FALSE,,,,,,,,,,,FALSE,,,,,,,,,,
117,seadra,water,"poison-point,sniper,damp",https://raw.githubusercontent.com/PokeAPI/sprites/master/sprites/pokemon/other/official-artwork/117.png,55,65,95,95,45,85,,FALSE,,,,,,,,,,,FALSE,,,,,,,,,,
118,goldeen,water,"swift-swim,water-veil,lightning-rod",https://raw.githubusercontent.com/PokeAPI/sprites/master/sprites/pokemon/other/official-artwork/118.png,45,67,60,35,50,63,,FALSE,,,,,,,,,,,FALSE,,,,,,,,,,
119,seaking,water,"swift-swim,water-veil,lightning-rod",https://raw.githubusercontent.com/PokeAPI/sprites/master/sprites/pokemon/other/official-artwork/119.png,80,92,65,65,80,68,,FALSE,,,,,,,,,,,FALSE,,,,,,,,,,
120,staryu,water,"illuminate,natural-cure,analytic",https://raw.githubusercontent.com/PokeAPI/sprites/master/sprites/pokemon/other/official-artwork/120.png,30,45,55,70,55,85,,FALSE,,,,,,,,,,,FALSE,,,,,,,,,,
121,starmie,"water,psychic","illuminate,natural-cure,analytic",https://raw.githubusercontent.com/PokeAPI/sprites/master/sprites/pokemon/other/official-artwork/121.png,60,75,85,100,85,115,,FALSE,,,,,,,,,,,FALSE,,,,,,,,,,
122,mr-mime,"psychic,fairy","soundproof,filter,technician",https://raw.githubusercontent.com/PokeAPI/sprites/master/sprites/pokemon/other/official-artwork/122.png,40,45,65,100,120,90,,FALSE,,,,,,,,,,,FALSE,,,,,,,,,,
123,scyther,"bug,flying","swarm,technician,steadfast",https://raw.githubusercontent.com/PokeAPI/sprites/master/sprites/pokemon/other/official-artwork/123.png,70,110,80,55,80,105,,FALSE,,,,,,,,,,,FALSE,,,,,,,,,,
124,jynx,"ice,psychic","oblivious,forewarn,dry-skin",https://raw.githubusercontent.com/PokeAPI/sprites/master/sprites/pokemon/other/official-artwork/124.png,65,50,35,115,95,95,,FALSE,,,,,,,,,,,FALSE,,,,,,,,,,
125,electabuzz,electric,"static,vital-spirit",https://raw.githubusercontent.com/PokeAPI/sprites/master/sprites/pokemon/other/official-artwork/125.png,65,83,57,95,85,105,,FALSE,,,,,,,,,,,FALSE,,,,,,,,,,
126,magmar,fire,"flame-body,vital-spirit",https://raw.githubusercontent.com/PokeAPI/sprites/master/sprites/pokemon/other/official-artwork/126.png,65,95,57,100,85,93,,FALSE,,,,,,,,,,,FALSE,,,,,,,,,,
127,pinsir,bug,"hyper-cutter,mold-breaker,moxie",https://raw.githubusercontent.com/PokeAPI/sprites/master/sprites/pokemon/other/official-artwork/127.png,65,125,100,55,70,85,,TRUE,pinsir-mega,https://raw.githubusercontent.com/PokeAPI/sprites/master/sprites/pokemon/other/official-artwork/10040.png,"bug,flying",aerilate,65,155,120,65,90,105,FALSE,,,,,,,,,,
128,tauros,normal,"intimidate,anger-point,sheer-force",https://raw.githubusercontent.com/PokeAPI/sprites/master/sprites/pokemon/other/official-artwork/128.png,75,100,95,40,70,110,,FALSE,,,,,,,,,,,FALSE,,,,,,,,,,
129,magikarp,water,"swift-swim,rattled",https://raw.githubusercontent.com/PokeAPI/sprites/master/sprites/pokemon/other/official-artwork/129.png,20,10,55,15,20,80,,FALSE,,,,,,,,,,,FALSE,,,,,,,,,,
130,gyarados,"water,flying","intimidate,moxie",https://raw.githubusercontent.com/PokeAPI/sprites/master/sprites/pokemon/other/official-artwork/130.png,95,125,79,60,100,81,,TRUE,gyarados-mega,https://raw.githubusercontent.com/PokeAPI/sprites/master/sprites/pokemon/other/official-artwork/10041.png,"water,dark",mold-breaker,95,155,109,70,130,81,FALSE,,,,,,,,,,
131,lapras,"water,ice","water-absorb,shell-armor,hydration",https://raw.githubusercontent.com/PokeAPI/sprites/master/sprites/pokemon/other/official-artwork/131.png,130,85,80,85,95,60,,FALSE,,,,,,,,,,,FALSE,,,,,,,,,,
132,ditto,normal,"limber,imposter",https://raw.githubusercontent.com/PokeAPI/sprites/master/sprites/pokemon/other/official-artwork/132.png,48,48,48,48,48,48,,FALSE,,,,,,,,,,,FALSE,,,,,,,,,,
133,eevee,normal,"run-away,adaptability,anticipation",https://raw.githubusercontent.com/PokeAPI/sprites/master/sprites/pokemon/other/official-artwork/133.png,55,55,50,45,65,55,,FALSE,,,,,,,,,,,FALSE,,,,,,,,,,
134,vaporeon,water,"water-absorb,hydration",https://raw.githubusercontent.com/PokeAPI/sprites/master/sprites/pokemon/other/official-artwork/134.png,130,65,60,110,95,65,,FALSE,,,,,,,,,,,FALSE,,,,,,,,,,
135,jolteon,electric,"volt-absorb,quick-feet",https://raw.githubusercontent.com/PokeAPI/sprites/master/sprites/pokemon/other/official-artwork/135.png,65,65,60,110,95,130,,FALSE,,,,,,,,,,,FALSE,,,,,,,,,,
136,flareon,fire,"flash-fire,guts",https://raw.githubusercontent.com/PokeAPI/sprites/master/sprites/pokemon/other/official-artwork/136.png,65,130,60,95,110,65,,FALSE,,,,,,,,,,,FALSE,,,,,,,,,,
137,porygon,normal,"trace,download,analytic",https://raw.githubusercontent.com/PokeAPI/sprites/master/sprites/pokemon/other/official-artwork/137.png,65,60,70,85,75,40,,FALSE,,,,,,,,,,,FALSE,,,,,,,,,,
138,omanyte,"rock,water","swift-swim,shell-armor,weak-armor",https://raw.githubusercontent.com/PokeAPI/sprites/master/sprites/pokemon/other/official-artwork/138.png,35,40,100,90,55,35,,FALSE,,,,,,,,,,,FALSE,,,,,,,,,,
139,omastar,"rock,water","swift-swim,shell-armor,weak-armor",https://raw.githubusercontent.com/PokeAPI/sprites/master/sprites/pokemon/other/official-artwork/139.png,70,60,125,115,70,55,,FALSE,,,,,,,,,,,FALSE,,,,,,,,,,
140,kabuto,"rock,water","swift-swim,battle-armor,weak-armor",https://raw.githubusercontent.com/PokeAPI/sprites/master/sprites/pokemon/other/official-artwork/140.png,30,80,90,55,45,55,,FALSE,,,,,,,,,,,FALSE,,,,,,,,,,
141,kabutops,"rock,water","swift-swim,battle-armor,weak-armor",https://raw.githubusercontent.com/PokeAPI/sprites/master/sprites/pokemon/other/official-artwork/141.png,60,115,105,65,70,80,,FALSE,,,,,,,,,,,FALSE,,,,,,,,,,
142,aerodactyl,"rock,flying","rock-head,pressure,unnerve",https://raw.githubusercontent.com/PokeAPI/sprites/master/sprites/pokemon/other/official-artwork/142.png,80,105,65,60,75,130,,TRUE,aerodactyl-mega,https://raw.githubusercontent.com/PokeAPI/sprites/master/sprites/pokemon/other/official-artwork/10042.png,"rock,flying",tough-claws,80,135,85,70,95,150,FALSE,,,,,,,,,,
143,snorlax,normal,"immunity,thick-fat,gluttony",https://raw.githubusercontent.com/PokeAPI/sprites/master/sprites/pokemon/other/official-artwork/143.png,160,110,65,65,110,30,,FALSE,,,,,,,,,,,FALSE,,,,,,,,,,
144,articuno,"ice,flying","pressure,snow-cloak",https://raw.githubusercontent.com/PokeAPI/sprites/master/sprites/pokemon/other/official-artwork/144.png,90,85,100,95,125,85,Sub-Legendary,FALSE,,,,,,,,,,,FALSE,,,,,,,,,,
145,zapdos,"electric,flying","pressure,static",https://raw.githubusercontent.com/PokeAPI/sprites/master/sprites/pokemon/other/official-artwork/145.png,90,90,85,125,90,100,Sub-Legendary,FALSE,,,,,,,,,,,FALSE,,,,,,,,,,
146,moltres,"fire,flying","pressure,flame-body",https://raw.githubusercontent.com/PokeAPI/sprites/master/sprites/pokemon/other/official-artwork/146.png,90,100,90,125,85,90,Sub-Legendary,FALSE,,,,,,,,,,,FALSE,,,,,,,,,,
147,dratini,dragon,"shed-skin,marvel-scale",https://raw.githubusercontent.com/PokeAPI/sprites/master/sprites/pokemon/other/official-artwork/147.png,41,64,45,50,50,50,,FALSE,,,,,,,,,,,FALSE,,,,,,,,,,
148,dragonair,dragon,"shed-skin,marvel-scale",https://raw.githubusercontent.com/PokeAPI/sprites/master/sprites/pokemon/other/official-artwork/148.png,61,84,65,70,70,70,,FALSE,,,,,,,,,,,FALSE,,,,,,,,,,
149,dragonite,"dragon,flying","inner-focus,multiscale",https://raw.githubusercontent.com/PokeAPI/sprites/master/sprites/pokemon/other/official-artwork/149.png,91,134,95,100,100,80,,FALSE,,,,,,,,,,,FALSE,,,,,,,,,,
150,mewtwo,psychic,"pressure,unnerve",https://raw.githubusercontent.com/PokeAPI/sprites/master/sprites/pokemon/other/official-artwork/150.png,106,110,90,154,90,130,Legendary,TRUE,mewtwo-mega-x,https://raw.githubusercontent.com/PokeAPI/sprites/master/sprites/pokemon/other/official-artwork/10043.png,"psychic,fighting",steadfast,106,190,100,154,100,130,TRUE,mewtwo-mega-y,https://raw.githubusercontent.com/PokeAPI/sprites/master/sprites/pokemon/other/official-artwork/10044.png,psychic,insomnia,106,150,70,194,120,140
151,mew,psychic,synchronize,https://raw.githubusercontent.com/PokeAPI/sprites/master/sprites/pokemon/other/official-artwork/151.png,100,100,100,100,100,100,Mythical,FALSE,,,,,,,,,,,FALSE,,,,,,,,,,
152,chikorita,grass,"overgrow,leaf-guard",https://raw.githubusercontent.com/PokeAPI/sprites/master/sprites/pokemon/other/official-artwork/152.png,45,49,65,49,65,45,,FALSE,,,,,,,,,,,FALSE,,,,,,,,,,
153,bayleef,grass,"overgrow,leaf-guard",https://raw.githubusercontent.com/PokeAPI/sprites/master/sprites/pokemon/other/official-artwork/153.png,60,62,80,63,80,60,,FALSE,,,,,,,,,,,FALSE,,,,,,,,,,
154,meganium,grass,"overgrow,leaf-guard",https://raw.githubusercontent.com/PokeAPI/sprites/master/sprites/pokemon/other/official-artwork/154.png,80,82,100,83,100,80,,FALSE,,,,,,,,,,,FALSE,,,,,,,,,,
155,cyndaquil,fire,"blaze,flash-fire",https://raw.githubusercontent.com/PokeAPI/sprites/master/sprites/pokemon/other/official-artwork/155.png,39,52,43,60,50,65,,FALSE,,,,,,,,,,,FALSE,,,,,,,,,,
156,quilava,fire,"blaze,flash-fire",https://raw.githubusercontent.com/PokeAPI/sprites/master/sprites/pokemon/other/official-artwork/156.png,58,64,58,80,65,80,,FALSE,,,,,,,,,,,FALSE,,,,,,,,,,
157,typhlosion,fire,"blaze,flash-fire",https://raw.githubusercontent.com/PokeAPI/sprites/master/sprites/pokemon/other/official-artwork/157.png,78,84,78,109,85,100,,FALSE,,,,,,,,,,,FALSE,,,,,,,,,,
158,totodile,water,"torrent,sheer-force",https://raw.githubusercontent.com/PokeAPI/sprites/master/sprites/pokemon/other/official-artwork/158.png,50,65,64,44,48,43,,FALSE,,,,,,,,,,,FALSE,,,,,,,,,,
159,croconaw,water,"torrent,sheer-force",https://raw.githubusercontent.com/PokeAPI/sprites/master/sprites/pokemon/other/official-artwork/159.png,65,80,80,59,63,58,,FALSE,,,,,,,,,,,FALSE,,,,,,,,,,
160,feraligatr,water,"torrent,sheer-force",https://raw.githubusercontent.com/PokeAPI/sprites/master/sprites/pokemon/other/official-artwork/160.png,85,105,100,79,83,78,,FALSE,,,,,,,,,,,FALSE,,,,,,,,,,
161,sentret,normal,"run-away,keen-eye,frisk",https://raw.githubusercontent.com/PokeAPI/sprites/master/sprites/pokemon/other/official-artwork/161.png,35,46,34,35,45,20,,FALSE,,,,,,,,,,,FALSE,,,,,,,,,,
162,furret,normal,"run-away,keen-eye,frisk",https://raw.githubusercontent.com/PokeAPI/sprites/master/sprites/pokemon/other/official-artwork/162.png,85,76,64,45,55,90,,FALSE,,,,,,,,,,,FALSE,,,,,,,,,,
163,hoothoot,"normal,flying","insomnia,keen-eye,tinted-lens",https://raw.githubusercontent.com/PokeAPI/sprites/master/sprites/pokemon/other/official-artwork/163.png,60,30,30,36,56,50,,FALSE,,,,,,,,,,,FALSE,,,,,,,,,,
164,noctowl,"normal,flying","insomnia,keen-eye,tinted-lens",https://raw.githubusercontent.com/PokeAPI/sprites/master/sprites/pokemon/other/official-artwork/164.png,100,50,50,86,96,70,,FALSE,,,,,,,,,,,FALSE,,,,,,,,,,
165,ledyba,"bug,flying","swarm,early-bird,rattled",https://raw.githubusercontent.com/PokeAPI/sprites/master/sprites/pokemon/other/official-artwork/165.png,40,20,30,40,80,55,,FALSE,,,,,,,,,,,FALSE,,,,,,,,,,
166,ledian,"bug,flying","swarm,early-bird,iron-fist",https://raw.githubusercontent.com/PokeAPI/sprites/master/sprites/pokemon/other/official-artwork/166.png,55,35,50,55,110,85,,FALSE,,,,,,,,,,,FALSE,,,,,,,,,,
167,spinarak,"bug,poison","swarm,insomnia,sniper",https://raw.githubusercontent.com/PokeAPI/sprites/master/sprites/pokemon/other/official-artwork/167.png,40,60,40,40,40,30,,FALSE,,,,,,,,,,,FALSE,,,,,,,,,,
168,ariados,"bug,poison","swarm,insomnia,sniper",https://raw.githubusercontent.com/PokeAPI/sprites/master/sprites/pokemon/other/official-artwork/168.png,70,90,70,60,70,40,,FALSE,,,,,,,,,,,FALSE,,,,,,,,,,
169,crobat,"poison,flying","inner-focus,infiltrator",https://raw.githubusercontent.com/PokeAPI/sprites/master/sprites/pokemon/other/official-artwork/169.png,85,90,80,70,80,130,,FALSE,,,,,,,,,,,FALSE,,,,,,,,,,
170,chinchou,"water,electric","volt-absorb,illuminate,water-absorb",https://raw.githubusercontent.com/PokeAPI/sprites/master/sprites/pokemon/other/official-artwork/170.png,75,38,38,56,56,67,,FALSE,,,,,,,,,,,FALSE,,,,,,,,,,
171,lanturn,"water,electric","volt-absorb,illuminate,water-absorb",https://raw.githubusercontent.com/PokeAPI/sprites/master/sprites/pokemon/other/official-artwork/171.png,125,58,58,76,76,67,,FALSE,,,,,,,,,,,FALSE,,,,,,,,,,
172,pichu,electric,"static,lightning-rod",https://raw.githubusercontent.com/PokeAPI/sprites/master/sprites/pokemon/other/official-artwork/172.png,20,40,15,35,35,60,,FALSE,,,,,,,,,,,FALSE,,,,,,,,,,
173,cleffa,fairy,"cute-charm,magic-guard,friend-guard",https://raw.githubusercontent.com/PokeAPI/sprites/master/sprites/pokemon/other/official-artwork/173.png,50,25,28,45,55,15,,FALSE,,,,,,,,,,,FALSE,,,,,,,,,,
174,igglybuff,"normal,fairy","cute-charm,competitive,friend-guard",https://raw.githubusercontent.com/PokeAPI/sprites/master/sprites/pokemon/other/official-artwork/174.png,90,30,15,40,20,15,,FALSE,,,,,,,,,,,FALSE,,,,,,,,,,
175,togepi,fairy,"hustle,serene-grace,super-luck",https://raw.githubusercontent.com/PokeAPI/sprites/master/sprites/pokemon/other/official-artwork/175.png,35,20,65,40,65,20,,FALSE,,,,,,,,,,,FALSE,,,,,,,,,,
176,togetic,"fairy,flying","hustle,serene-grace,super-luck",https://raw.githubusercontent.com/PokeAPI/sprites/master/sprites/pokemon/other/official-artwork/176.png,55,40,85,80,105,40,,FALSE,,,,,,,,,,,FALSE,,,,,,,,,,
177,natu,"psychic,flying","synchronize,early-bird,magic-bounce",https://raw.githubusercontent.com/PokeAPI/sprites/master/sprites/pokemon/other/official-artwork/177.png,40,50,45,70,45,70,,FALSE,,,,,,,,,,,FALSE,,,,,,,,,,
178,xatu,"psychic,flying","synchronize,early-bird,magic-bounce",https://raw.githubusercontent.com/PokeAPI/sprites/master/sprites/pokemon/other/official-artwork/178.png,65,75,70,95,70,95,,FALSE,,,,,,,,,,,FALSE,,,,,,,,,,
179,mareep,electric,"static,plus",https://raw.githubusercontent.com/PokeAPI/sprites/master/sprites/pokemon/other/official-artwork/179.png,55,40,40,65,45,35,,FALSE,,,,,,,,,,,FALSE,,,,,,,,,,
180,flaaffy,electric,"static,plus",https://raw.githubusercontent.com/PokeAPI/sprites/master/sprites/pokemon/other/official-artwork/180.png,70,55,55,80,60,45,,FALSE,,,,,,,,,,,FALSE,,,,,,,,,,
181,ampharos,electric,"static,plus",https://raw.githubusercontent.com/PokeAPI/sprites/master/sprites/pokemon/other/official-artwork/181.png,90,75,85,115,90,55,,TRUE,ampharos-mega,https://raw.githubusercontent.com/PokeAPI/sprites/master/sprites/pokemon/other/official-artwork/10045.png,"electric,dragon",mold-breaker,90,95,105,165,110,45,FALSE,,,,,,,,,,
182,bellossom,grass,"chlorophyll,healer",https://raw.githubusercontent.com/PokeAPI/sprites/master/sprites/pokemon/other/official-artwork/182.png,75,80,95,90,100,50,,FALSE,,,,,,,,,,,FALSE,,,,,,,,,,
183,marill,"water,fairy","thick-fat,huge-power,sap-sipper",https://raw.githubusercontent.com/PokeAPI/sprites/master/sprites/pokemon/other/official-artwork/183.png,70,20,50,20,50,40,,FALSE,,,,,,,,,,,FALSE,,,,,,,,,,
184,azumarill,"water,fairy","thick-fat,huge-power,sap-sipper",https://raw.githubusercontent.com/PokeAPI/sprites/master/sprites/pokemon/other/official-artwork/184.png,100,50,80,60,80,50,,FALSE,,,,,,,,,,,FALSE,,,,,,,,,,
185,sudowoodo,rock,"sturdy,rock-head,rattled",https://raw.githubusercontent.com/PokeAPI/sprites/master/sprites/pokemon/other/official-artwork/185.png,70,100,115,30,65,30,,FALSE,,,,,,,,,,,FALSE,,,,,,,,,,
186,politoed,water,"water-absorb,damp,drizzle",https://raw.githubusercontent.com/PokeAPI/sprites/master/sprites/pokemon/other/official-artwork/186.png,90,75,75,90,100,70,,FALSE,,,,,,,,,,,FALSE,,,,,,,,,,
187,hoppip,"grass,flying","chlorophyll,leaf-guard,infiltrator",https://raw.githubusercontent.com/PokeAPI/sprites/master/sprites/pokemon/other/official-artwork/187.png,35,35,40,35,55,50,,FALSE,,,,,,,,,,,FALSE,,,,,,,,,,
188,skiploom,"grass,flying","chlorophyll,leaf-guard,infiltrator",https://raw.githubusercontent.com/PokeAPI/sprites/master/sprites/pokemon/other/official-artwork/188.png,55,45,50,45,65,80,,FALSE,,,,,,,,,,,FALSE,,,,,,,,,,
189,jumpluff,"grass,flying","chlorophyll,leaf-guard,infiltrator",https://raw.githubusercontent.com/PokeAPI/sprites/master/sprites/pokemon/other/official-artwork/189.png,75,55,70,55,95,110,,FALSE,,,,,,,,,,,FALSE,,,,,,,,,,
190,aipom,normal,"run-away,pickup,skill-link",https://raw.githubusercontent.com/PokeAPI/sprites/master/sprites/pokemon/other/official-artwork/190.png,55,70,55,40,55,85,,FALSE,,,,,,,,,,,FALSE,,,,,,,,,,
191,sunkern,grass,"chlorophyll,solar-power,early-bird",https://raw.githubusercontent.com/PokeAPI/sprites/master/sprites/pokemon/other/official-artwork/191.png,30,30,30,30,30,30,,FALSE,,,,,,,,,,,FALSE,,,,,,,,,,
192,sunflora,grass,"chlorophyll,solar-power,early-bird",https://raw.githubusercontent.com/PokeAPI/sprites/master/sprites/pokemon/other/official-artwork/192.png,75,75,55,105,85,30,,FALSE,,,,,,,,,,,FALSE,,,,,,,,,,
193,yanma,"bug,flying","speed-boost,compound-eyes,frisk",https://raw.githubusercontent.com/PokeAPI/sprites/master/sprites/pokemon/other/official-artwork/193.png,65,65,45,75,45,95,,FALSE,,,,,,,,,,,FALSE,,,,,,,,,,
194,wooper,"water,ground","damp,water-absorb,unaware",https://raw.githubusercontent.com/PokeAPI/sprites/master/sprites/pokemon/other/official-artwork/194.png,55,45,45,25,25,15,,FALSE,,,,,,,,,,,FALSE,,,,,,,,,,
195,quagsire,"water,ground","damp,water-absorb,unaware",https://raw.githubusercontent.com/PokeAPI/sprites/master/sprites/pokemon/other/official-artwork/195.png,95,85,85,65,65,35,,FALSE,,,,,,,,,,,FALSE,,,,,,,,,,
196,espeon,psychic,"synchronize,magic-bounce",https://raw.githubusercontent.com/PokeAPI/sprites/master/sprites/pokemon/other/official-artwork/196.png,65,65,60,130,95,110,,FALSE,,,,,,,,,,,FALSE,,,,,,,,,,
197,umbreon,dark,"synchronize,inner-focus",https://raw.githubusercontent.com/PokeAPI/sprites/master/sprites/pokemon/other/official-artwork/197.png,95,65,110,60,130,65,,FALSE,,,,,,,,,,,FALSE,,,,,,,,,,
198,murkrow,"dark,flying","insomnia,super-luck,prankster",https://raw.githubusercontent.com/PokeAPI/sprites/master/sprites/pokemon/other/official-artwork/198.png,60,85,42,85,42,91,,FALSE,,,,,,,,,,,FALSE,,,,,,,,,,
199,slowking,"water,psychic","oblivious,own-tempo,regenerator",https://raw.githubusercontent.com/PokeAPI/sprites/master/sprites/pokemon/other/official-artwork/199.png,95,75,80,100,110,30,,FALSE,,,,,,,,,,,FALSE,,,,,,,,,,
200,misdreavus,ghost,levitate,https://raw.githubusercontent.com/PokeAPI/sprites/master/sprites/pokemon/other/official-artwork/200.png,60,60,60,85,85,85,,FALSE,,,,,,,,,,,FALSE,,,,,,,,,,
201,unown,psychic,levitate,https://raw.githubusercontent.com/PokeAPI/sprites/master/sprites/pokemon/other/official-artwork/201.png,48,72,48,72,48,48,,FALSE,,,,,,,,,,,FALSE,,,,,,,,,,
202,wobbuffet,psychic,"shadow-tag,telepathy",https://raw.githubusercontent.com/PokeAPI/sprites/master/sprites/pokemon/other/official-artwork/202.png,190,33,58,33,58,33,,FALSE,,,,,,,,,,,FALSE,,,,,,,,,,
203,girafarig,"normal,psychic","inner-focus,early-bird,sap-sipper",https://raw.githubusercontent.com/PokeAPI/sprites/master/sprites/pokemon/other/official-artwork/203.png,70,80,65,90,65,85,,FALSE,,,,,,,,,,,FALSE,,,,,,,,,,
204,pineco,bug,"sturdy,overcoat",https://raw.githubusercontent.com/PokeAPI/sprites/master/sprites/pokemon/other/official-artwork/204.png,50,65,90,35,35,15,,FALSE,,,,,,,,,,,FALSE,,,,,,,,,,
205,forretress,"bug,steel","sturdy,overcoat",https://raw.githubusercontent.com/PokeAPI/sprites/master/sprites/pokemon/other/official-artwork/205.png,75,90,140,60,60,40,,FALSE,,,,,,,,,,,FALSE,,,,,,,,,,
206,dunsparce,normal,"serene-grace,run-away,rattled",https://raw.githubusercontent.com/PokeAPI/sprites/master/sprites/pokemon/other/official-artwork/206.png,100,70,70,65,65,45,,FALSE,,,,,,,,,,,FALSE,,,,,,,,,,
207,gligar,"ground,flying","hyper-cutter,sand-veil,immunity",https://raw.githubusercontent.com/PokeAPI/sprites/master/sprites/pokemon/other/official-artwork/207.png,65,75,105,35,65,85,,FALSE,,,,,,,,,,,FALSE,,,,,,,,,,
208,steelix,"steel,ground","rock-head,sturdy,sheer-force",https://raw.githubusercontent.com/PokeAPI/sprites/master/sprites/pokemon/other/official-artwork/208.png,75,85,200,55,65,30,,TRUE,steelix-mega,https://raw.githubusercontent.com/PokeAPI/sprites/master/sprites/pokemon/other/official-artwork/10072.png,"steel,ground",sand-force,75,125,230,55,95,30,FALSE,,,,,,,,,,
209,snubbull,fairy,"intimidate,run-away,rattled",https://raw.githubusercontent.com/PokeAPI/sprites/master/sprites/pokemon/other/official-artwork/209.png,60,80,50,40,40,30,,FALSE,,,,,,,,,,,FALSE,,,,,,,,,,
210,granbull,fairy,"intimidate,quick-feet,rattled",https://raw.githubusercontent.com/PokeAPI/sprites/master/sprites/pokemon/other/official-artwork/210.png,90,120,75,60,60,45,,FALSE,,,,,,,,,,,FALSE,,,,,,,,,,
211,qwilfish,"water,poison","poison-point,swift-swim,intimidate",https://raw.githubusercontent.com/PokeAPI/sprites/master/sprites/pokemon/other/official-artwork/211.png,65,95,85,55,55,85,,FALSE,,,,,,,,,,,FALSE,,,,,,,,,,
212,scizor,"bug,steel","swarm,technician,light-metal",https://raw.githubusercontent.com/PokeAPI/sprites/master/sprites/pokemon/other/official-artwork/212.png,70,130,100,55,80,65,,TRUE,scizor-mega,https://raw.githubusercontent.com/PokeAPI/sprites/master/sprites/pokemon/other/official-artwork/10046.png,"bug,steel",technician,70,150,140,65,100,75,FALSE,,,,,,,,,,
213,shuckle,"bug,rock","sturdy,gluttony,contrary",https://raw.githubusercontent.com/PokeAPI/sprites/master/sprites/pokemon/other/official-artwork/213.png,20,10,230,10,230,5,,FALSE,,,,,,,,,,,FALSE,,,,,,,,,,
214,heracross,"bug,fighting","swarm,guts,moxie",https://raw.githubusercontent.com/PokeAPI/sprites/master/sprites/pokemon/other/official-artwork/214.png,80,125,75,40,95,85,,TRUE,heracross-mega,https://raw.githubusercontent.com/PokeAPI/sprites/master/sprites/pokemon/other/official-artwork/10047.png,"bug,fighting",skill-link,80,185,115,40,105,75,FALSE,,,,,,,,,,
215,sneasel,"dark,ice","inner-focus,keen-eye,pickpocket",https://raw.githubusercontent.com/PokeAPI/sprites/master/sprites/pokemon/other/official-artwork/215.png,55,95,55,35,75,115,,FALSE,,,,,,,,,,,FALSE,,,,,,,,,,
216,teddiursa,normal,"pickup,quick-feet,honey-gather",https://raw.githubusercontent.com/PokeAPI/sprites/master/sprites/pokemon/other/official-artwork/216.png,60,80,50,50,50,40,,FALSE,,,,,,,,,,,FALSE,,,,,,,,,,
217,ursaring,normal,"guts,quick-feet,unnerve",https://raw.githubusercontent.com/PokeAPI/sprites/master/sprites/pokemon/other/official-artwork/217.png,90,130,75,75,75,55,,FALSE,,,,,,,,,,,FALSE,,,,,,,,,,
218,slugma,fire,"magma-armor,flame-body,weak-armor",https://raw.githubusercontent.com/PokeAPI/sprites/master/sprites/pokemon/other/official-artwork/218.png,40,40,40,70,40,20,,FALSE,,,,,,,,,,,FALSE,,,,,,,,,,
219,magcargo,"fire,rock","magma-armor,flame-body,weak-armor",https://raw.githubusercontent.com/PokeAPI/sprites/master/sprites/pokemon/other/official-artwork/219.png,60,50,120,90,80,30,,FALSE,,,,,,,,,,,FALSE,,,,,,,,,,
220,swinub,"ice,ground","oblivious,snow-cloak,thick-fat",https://raw.githubusercontent.com/PokeAPI/sprites/master/sprites/pokemon/other/official-artwork/220.png,50,50,40,30,30,50,,FALSE,,,,,,,,,,,FALSE,,,,,,,,,,
221,piloswine,"ice,ground","oblivious,snow-cloak,thick-fat",https://raw.githubusercontent.com/PokeAPI/sprites/master/sprites/pokemon/other/official-artwork/221.png,100,100,80,60,60,50,,FALSE,,,,,,,,,,,FALSE,,,,,,,,,,
222,corsola,"water,rock","hustle,natural-cure,regenerator",https://raw.githubusercontent.com/PokeAPI/sprites/master/sprites/pokemon/other/official-artwork/222.png,65,55,95,65,95,35,,FALSE,,,,,,,,,,,FALSE,,,,,,,,,,
223,remoraid,water,"hustle,sniper,moody",https://raw.githubusercontent.com/PokeAPI/sprites/master/sprites/pokemon/other/official-artwork/223.png,35,65,35,65,35,65,,FALSE,,,,,,,,,,,FALSE,,,,,,,,,,
224,octillery,water,"suction-cups,sniper,moody",https://raw.githubusercontent.com/PokeAPI/sprites/master/sprites/pokemon/other/official-artwork/224.png,75,105,75,105,75,45,,FALSE,,,,,,,,,,,FALSE,,,,,,,,,,
225,delibird,"ice,flying","vital-spirit,hustle,insomnia",https://raw.githubusercontent.com/PokeAPI/sprites/master/sprites/pokemon/other/official-artwork/225.png,45,55,45,65,45,75,,FALSE,,,,,,,,,,,FALSE,,,,,,,,,,
226,mantine,"water,flying","swift-swim,water-absorb,water-veil",https://raw.githubusercontent.com/PokeAPI/sprites/master/sprites/pokemon/other/official-artwork/226.png,85,40,70,80,140,70,,FALSE,,,,,,,,,,,FALSE,,,,,,,,,,
227,skarmory,"steel,flying","keen-eye,sturdy,weak-armor",https://raw.githubusercontent.com/PokeAPI/sprites/master/sprites/pokemon/other/official-artwork/227.png,65,80,140,40,70,70,,FALSE,,,,,,,,,,,FALSE,,,,,,,,,,
228,houndour,"dark,fire","early-bird,flash-fire,unnerve",https://raw.githubusercontent.com/PokeAPI/sprites/master/sprites/pokemon/other/official-artwork/228.png,45,60,30,80,50,65,,FALSE,,,,,,,,,,,FALSE,,,,,,,,,,
229,houndoom,"dark,fire","early-bird,flash-fire,unnerve",https://raw.githubusercontent.com/PokeAPI/sprites/master/sprites/pokemon/other/official-artwork/229.png,75,90,50,110,80,95,,TRUE,houndoom-mega,https://raw.githubusercontent.com/PokeAPI/sprites/master/sprites/pokemon/other/official-artwork/10048.png,"dark,fire",solar-power,75,90,90,140,90,115,FALSE,,,,,,,,,,
230,kingdra,"water,dragon","swift-swim,sniper,damp",https://raw.githubusercontent.com/PokeAPI/sprites/master/sprites/pokemon/other/official-artwork/230.png,75,95,95,95,95,85,,FALSE,,,,,,,,,,,FALSE,,,,,,,,,,
231,phanpy,ground,"pickup,sand-veil",https://raw.githubusercontent.com/PokeAPI/sprites/master/sprites/pokemon/other/official-artwork/231.png,90,60,60,40,40,40,,FALSE,,,,,,,,,,,FALSE,,,,,,,,,,
232,donphan,ground,"sturdy,sand-veil",https://raw.githubusercontent.com/PokeAPI/sprites/master/sprites/pokemon/other/official-artwork/232.png,90,120,120,60,60,50,,FALSE,,,,,,,,,,,FALSE,,,,,,,,,,
233,porygon2,normal,"trace,download,analytic",https://raw.githubusercontent.com/PokeAPI/sprites/master/sprites/pokemon/other/official-artwork/233.png,85,80,90,105,95,60,,FALSE,,,,,,,,,,,FALSE,,,,,,,,,,
234,stantler,normal,"intimidate,frisk,sap-sipper",https://raw.githubusercontent.com/PokeAPI/sprites/master/sprites/pokemon/other/official-artwork/234.png,73,95,62,85,65,85,,FALSE,,,,,,,,,,,FALSE,,,,,,,,,,
235,smeargle,normal,"own-tempo,technician,moody",https://raw.githubusercontent.com/PokeAPI/sprites/master/sprites/pokemon/other/official-artwork/235.png,55,20,35,20,45,75,,FALSE,,,,,,,,,,,FALSE,,,,,,,,,,
236,tyrogue,fighting,"guts,steadfast,vital-spirit",https://raw.githubusercontent.com/PokeAPI/sprites/master/sprites/pokemon/other/official-artwork/236.png,35,35,35,35,35,35,,FALSE,,,,,,,,,,,FALSE,,,,,,,,,,
237,hitmontop,fighting,"intimidate,technician,steadfast",https://raw.githubusercontent.com/PokeAPI/sprites/master/sprites/pokemon/other/official-artwork/237.png,50,95,95,35,110,70,,FALSE,,,,,,,,,,,FALSE,,,,,,,,,,
238,smoochum,"ice,psychic","oblivious,forewarn,hydration",https://raw.githubusercontent.com/PokeAPI/sprites/master/sprites/pokemon/other/official-artwork/238.png,45,30,15,85,65,65,,FALSE,,,,,,,,,,,FALSE,,,,,,,,,,
239,elekid,electric,"static,vital-spirit",https://raw.githubusercontent.com/PokeAPI/sprites/master/sprites/pokemon/other/official-artwork/239.png,45,63,37,65,55,95,,FALSE,,,,,,,,,,,FALSE,,,,,,,,,,
240,magby,fire,"flame-body,vital-spirit",https://raw.githubusercontent.com/PokeAPI/sprites/master/sprites/pokemon/other/official-artwork/240.png,45,75,37,70,55,83,,FALSE,,,,,,,,,,,FALSE,,,,,,,,,,
241,miltank,normal,"thick-fat,scrappy,sap-sipper",https://raw.githubusercontent.com/PokeAPI/sprites/master/sprites/pokemon/other/official-artwork/241.png,95,80,105,40,70,100,,FALSE,,,,,,,,,,,FALSE,,,,,,,,,,
242,blissey,normal,"natural-cure,serene-grace,healer",https://raw.githubusercontent.com/PokeAPI/sprites/master/sprites/pokemon/other/official-artwork/242.png,255,10,10,75,135,55,,FALSE,,,,,,,,,,,FALSE,,,,,,,,,,
243,raikou,electric,"pressure,inner-focus",https://raw.githubusercontent.com/PokeAPI/sprites/master/sprites/pokemon/other/official-artwork/243.png,90,85,75,115,100,115,Sub-Legendary,FALSE,,,,,,,,,,,FALSE,,,,,,,,,,
244,entei,fire,"pressure,inner-focus",https://raw.githubusercontent.com/PokeAPI/sprites/master/sprites/pokemon/other/official-artwork/244.png,115,115,85,90,75,100,Sub-Legendary,FALSE,,,,,,,,,,,FALSE,,,,,,,,,,
245,suicune,water,"pressure,inner-focus",https://raw.githubusercontent.com/PokeAPI/sprites/master/sprites/pokemon/other/official-artwork/245.png,100,75,115,90,115,85,Sub-Legendary,FALSE,,,,,,,,,,,FALSE,,,,,,,,,,
246,larvitar,"rock,ground","guts,sand-veil",https://raw.githubusercontent.com/PokeAPI/sprites/master/sprites/pokemon/other/official-artwork/246.png,50,64,50,45,50,41,,FALSE,,,,,,,,,,,FALSE,,,,,,,,,,
247,pupitar,"rock,ground",shed-skin,https://raw.githubusercontent.com/PokeAPI/sprites/master/sprites/pokemon/other/official-artwork/247.png,70,84,70,65,70,51,,FALSE,,,,,,,,,,,FALSE,,,,,,,,,,
248,tyranitar,"rock,dark","sand-stream,unnerve",https://raw.githubusercontent.com/PokeAPI/sprites/master/sprites/pokemon/other/official-artwork/248.png,100,134,110,95,100,61,,TRUE,tyranitar-mega,https://raw.githubusercontent.com/PokeAPI/sprites/master/sprites/pokemon/other/official-artwork/10049.png,"rock,dark",sand-stream,100,164,150,95,120,71,FALSE,,,,,,,,,,
249,lugia,"psychic,flying","pressure,multiscale",https://raw.githubusercontent.com/PokeAPI/sprites/master/sprites/pokemon/other/official-artwork/249.png,106,90,130,90,154,110,Legendary,FALSE,,,,,,,,,,,FALSE,,,,,,,,,,
250,ho-oh,"fire,flying","pressure,regenerator",https://raw.githubusercontent.com/PokeAPI/sprites/master/sprites/pokemon/other/official-artwork/250.png,106,130,90,110,154,90,Legendary,FALSE,,,,,,,,,,,FALSE,,,,,,,,,,
251,celebi,"psychic,grass",natural-cure,https://raw.githubusercontent.com/PokeAPI/sprites/master/sprites/pokemon/other/official-artwork/251.png,100,100,100,100,100,100,Mythical,FALSE,,,,,,,,,,,FALSE,,,,,,,,,,
252,treecko,grass,"overgrow,unburden",https://raw.githubusercontent.com/PokeAPI/sprites/master/sprites/pokemon/other/official-artwork/252.png,40,45,35,65,55,70,,FALSE,,,,,,,,,,,FALSE,,,,,,,,,,
253,grovyle,grass,"overgrow,unburden",https://raw.githubusercontent.com/PokeAPI/sprites/master/sprites/pokemon/other/official-artwork/253.png,50,65,45,85,65,95,,FALSE,,,,,,,,,,,FALSE,,,,,,,,,,
254,sceptile,grass,"overgrow,unburden",https://raw.githubusercontent.com/PokeAPI/sprites/master/sprites/pokemon/other/official-artwork/254.png,70,85,65,105,85,120,,TRUE,sceptile-mega,https://raw.githubusercontent.com/PokeAPI/sprites/master/sprites/pokemon/other/official-artwork/10065.png,"grass,dragon",lightning-rod,70,110,75,145,85,145,FALSE,,,,,,,,,,
255,torchic,fire,"blaze,speed-boost",https://raw.githubusercontent.com/PokeAPI/sprites/master/sprites/pokemon/other/official-artwork/255.png,45,60,40,70,50,45,,FALSE,,,,,,,,,,,FALSE,,,,,,,,,,
256,combusken,"fire,fighting","blaze,speed-boost",https://raw.githubusercontent.com/PokeAPI/sprites/master/sprites/pokemon/other/official-artwork/256.png,60,85,60,85,60,55,,FALSE,,,,,,,,,,,FALSE,,,,,,,,,,
257,blaziken,"fire,fighting","blaze,speed-boost",https://raw.githubusercontent.com/PokeAPI/sprites/master/sprites/pokemon/other/official-artwork/257.png,80,120,70,110,70,80,,TRUE,blaziken-mega,https://raw.githubusercontent.com/PokeAPI/sprites/master/sprites/pokemon/other/official-artwork/10050.png,"fire,fighting",speed-boost,80,160,80,130,80,100,FALSE,,,,,,,,,,
258,mudkip,water,"torrent,damp",https://raw.githubusercontent.com/PokeAPI/sprites/master/sprites/pokemon/other/official-artwork/258.png,50,70,50,50,50,40,,FALSE,,,,,,,,,,,FALSE,,,,,,,,,,
259,marshtomp,"water,ground","torrent,damp",https://raw.githubusercontent.com/PokeAPI/sprites/master/sprites/pokemon/other/official-artwork/259.png,70,85,70,60,70,50,,FALSE,,,,,,,,,,,FALSE,,,,,,,,,,
260,swampert,"water,ground","torrent,damp",https://raw.githubusercontent.com/PokeAPI/sprites/master/sprites/pokemon/other/official-artwork/260.png,100,110,90,85,90,60,,TRUE,swampert-mega,https://raw.githubusercontent.com/PokeAPI/sprites/master/sprites/pokemon/other/official-artwork/10064.png,"water,ground",swift-swim,100,150,110,95,110,70,FALSE,,,,,,,,,,
261,poochyena,dark,"run-away,quick-feet,rattled",https://raw.githubusercontent.com/PokeAPI/sprites/master/sprites/pokemon/other/official-artwork/261.png,35,55,35,30,30,35,,FALSE,,,,,,,,,,,FALSE,,,,,,,,,,
262,mightyena,dark,"intimidate,quick-feet,moxie",https://raw.githubusercontent.com/PokeAPI/sprites/master/sprites/pokemon/other/official-artwork/262.png,70,90,70,60,60,70,,FALSE,,,,,,,,,,,FALSE,,,,,,,,,,
263,zigzagoon,normal,"pickup,gluttony,quick-feet",https://raw.githubusercontent.com/PokeAPI/sprites/master/sprites/pokemon/other/official-artwork/263.png,38,30,41,30,41,60,,FALSE,,,,,,,,,,,FALSE,,,,,,,,,,
264,linoone,normal,"pickup,gluttony,quick-feet",https://raw.githubusercontent.com/PokeAPI/sprites/master/sprites/pokemon/other/official-artwork/264.png,78,70,61,50,61,100,,FALSE,,,,,,,,,,,FALSE,,,,,,,,,,
265,wurmple,bug,"shield-dust,run-away",https://raw.githubusercontent.com/PokeAPI/sprites/master/sprites/pokemon/other/official-artwork/265.png,45,45,35,20,30,20,,FALSE,,,,,,,,,,,FALSE,,,,,,,,,,
266,silcoon,bug,shed-skin,https://raw.githubusercontent.com/PokeAPI/sprites/master/sprites/pokemon/other/official-artwork/266.png,50,35,55,25,25,15,,FALSE,,,,,,,,,,,FALSE,,,,,,,,,,
267,beautifly,"bug,flying","swarm,rivalry",https://raw.githubusercontent.com/PokeAPI/sprites/master/sprites/pokemon/other/official-artwork/267.png,60,70,50,100,50,65,,FALSE,,,,,,,,,,,FALSE,,,,,,,,,,
268,cascoon,bug,shed-skin,https://raw.githubusercontent.com/PokeAPI/sprites/master/sprites/pokemon/other/official-artwork/268.png,50,35,55,25,25,15,,FALSE,,,,,,,,,,,FALSE,,,,,,,,,,
269,dustox,"bug,poison","shield-dust,compound-eyes",https://raw.githubusercontent.com/PokeAPI/sprites/master/sprites/pokemon/other/official-artwork/269.png,60,50,70,50,90,65,,FALSE,,,,,,,,,,,FALSE,,,,,,,,,,
270,lotad,"water,grass","swift-swim,rain-dish,own-tempo",https://raw.githubusercontent.com/PokeAPI/sprites/master/sprites/pokemon/other/official-artwork/270.png,40,30,30,40,50,30,,FALSE,,,,,,,,,,,FALSE,,,,,,,,,,
271,lombre,"water,grass","swift-swim,rain-dish,own-tempo",https://raw.githubusercontent.com/PokeAPI/sprites/master/sprites/pokemon/other/official-artwork/271.png,60,50,50,60,70,50,,FALSE,,,,,,,,,,,FALSE,,,,,,,,,,
272,ludicolo,"water,grass","swift-swim,rain-dish,own-tempo",https://raw.githubusercontent.com/PokeAPI/sprites/master/sprites/pokemon/other/official-artwork/272.png,80,70,70,90,100,70,,FALSE,,,,,,,,,,,FALSE,,,,,,,,,,
273,seedot,grass,"chlorophyll,early-bird,pickpocket",https://raw.githubusercontent.com/PokeAPI/sprites/master/sprites/pokemon/other/official-artwork/273.png,40,40,50,30,30,30,,FALSE,,,,,,,,,,,FALSE,,,,,,,,,,
274,nuzleaf,"grass,dark","chlorophyll,early-bird,pickpocket",https://raw.githubusercontent.com/PokeAPI/sprites/master/sprites/pokemon/other/official-artwork/274.png,70,70,40,60,40,60,,FALSE,,,,,,,,,,,FALSE,,,,,,,,,,
275,shiftry,"grass,dark","chlorophyll,wind-rider,pickpocket",https://raw.githubusercontent.com/PokeAPI/sprites/master/sprites/pokemon/other/official-artwork/275.png,90,100,60,90,60,80,,FALSE,,,,,,,,,,,FALSE,,,,,,,,,,
276,taillow,"normal,flying","guts,scrappy",https://raw.githubusercontent.com/PokeAPI/sprites/master/sprites/pokemon/other/official-artwork/276.png,40,55,30,30,30,85,,FALSE,,,,,,,,,,,FALSE,,,,,,,,,,
277,swellow,"normal,flying","guts,scrappy",https://raw.githubusercontent.com/PokeAPI/sprites/master/sprites/pokemon/other/official-artwork/277.png,60,85,60,75,50,125,,FALSE,,,,,,,,,,,FALSE,,,,,,,,,,
278,wingull,"water,flying","keen-eye,hydration,rain-dish",https://raw.githubusercontent.com/PokeAPI/sprites/master/sprites/pokemon/other/official-artwork/278.png,40,30,30,55,30,85,,FALSE,,,,,,,,,,,FALSE,,,,,,,,,,
279,pelipper,"water,flying","keen-eye,drizzle,rain-dish",https://raw.githubusercontent.com/PokeAPI/sprites/master/sprites/pokemon/other/official-artwork/279.png,60,50,100,95,70,65,,FALSE,,,,,,,,,,,FALSE,,,,,,,,,,
280,ralts,"psychic,fairy","synchronize,trace,telepathy",https://raw.githubusercontent.com/PokeAPI/sprites/master/sprites/pokemon/other/official-artwork/280.png,28,25,25,45,35,40,,FALSE,,,,,,,,,,,FALSE,,,,,,,,,,
281,kirlia,"psychic,fairy","synchronize,trace,telepathy",https://raw.githubusercontent.com/PokeAPI/sprites/master/sprites/pokemon/other/official-artwork/281.png,38,35,35,65,55,50,,FALSE,,,,,,,,,,,FALSE,,,,,,,,,,
282,gardevoir,"psychic,fairy","synchronize,trace,telepathy",https://raw.githubusercontent.com/PokeAPI/sprites/master/sprites/pokemon/other/official-artwork/282.png,68,65,65,125,115,80,,TRUE,gardevoir-mega,https://raw.githubusercontent.com/PokeAPI/sprites/master/sprites/pokemon/other/official-artwork/10051.png,"psychic,fairy",pixilate,68,85,65,165,135,100,FALSE,,,,,,,,,,
283,surskit,"bug,water","swift-swim,rain-dish",https://raw.githubusercontent.com/PokeAPI/sprites/master/sprites/pokemon/other/official-artwork/283.png,40,30,32,50,52,65,,FALSE,,,,,,,,,,,FALSE,,,,,,,,,,
284,masquerain,"bug,flying","intimidate,unnerve",https://raw.githubusercontent.com/PokeAPI/sprites/master/sprites/pokemon/other/official-artwork/284.png,70,60,62,100,82,80,,FALSE,,,,,,,,,,,FALSE,,,,,,,,,,
285,shroomish,grass,"effect-spore,poison-heal,quick-feet",https://raw.githubusercontent.com/PokeAPI/sprites/master/sprites/pokemon/other/official-artwork/285.png,60,40,60,40,60,35,,FALSE,,,,,,,,,,,FALSE,,,,,,,,,,
286,breloom,"grass,fighting","effect-spore,poison-heal,technician",https://raw.githubusercontent.com/PokeAPI/sprites/master/sprites/pokemon/other/official-artwork/286.png,60,130,80,60,60,70,,FALSE,,,,,,,,,,,FALSE,,,,,,,,,,
287,slakoth,normal,truant,https://raw.githubusercontent.com/PokeAPI/sprites/master/sprites/pokemon/other/official-artwork/287.png,60,60,60,35,35,30,,FALSE,,,,,,,,,,,FALSE,,,,,,,,,,
288,vigoroth,normal,vital-spirit,https://raw.githubusercontent.com/PokeAPI/sprites/master/sprites/pokemon/other/official-artwork/288.png,80,80,80,55,55,90,,FALSE,,,,,,,,,,,FALSE,,,,,,,,,,
289,slaking,normal,truant,https://raw.githubusercontent.com/PokeAPI/sprites/master/sprites/pokemon/other/official-artwork/289.png,150,160,100,95,65,100,,FALSE,,,,,,,,,,,FALSE,,,,,,,,,,
290,nincada,"bug,ground","compound-eyes,run-away",https://raw.githubusercontent.com/PokeAPI/sprites/master/sprites/pokemon/other/official-artwork/290.png,31,45,90,30,30,40,,FALSE,,,,,,,,,,,FALSE,,,,,,,,,,
291,ninjask,"bug,flying","speed-boost,infiltrator",https://raw.githubusercontent.com/PokeAPI/sprites/master/sprites/pokemon/other/official-artwork/291.png,61,90,45,50,50,160,,FALSE,,,,,,,,,,,FALSE,,,,,,,,,,
292,shedinja,"bug,ghost",wonder-guard,https://raw.githubusercontent.com/PokeAPI/sprites/master/sprites/pokemon/other/official-artwork/292.png,1,90,45,30,30,40,,FALSE,,,,,,,,,,,FALSE,,,,,,,,,,
293,whismur,normal,"soundproof,rattled",https://raw.githubusercontent.com/PokeAPI/sprites/master/sprites/pokemon/other/official-artwork/293.png,64,51,23,51,23,28,,FALSE,,,,,,,,,,,FALSE,,,,,,,,,,
294,loudred,normal,"soundproof,scrappy",https://raw.githubusercontent.com/PokeAPI/sprites/master/sprites/pokemon/other/official-artwork/294.png,84,71,43,71,43,48,,FALSE,,,,,,,,,,,FALSE,,,,,,,,,,
295,exploud,normal,"soundproof,scrappy",https://raw.githubusercontent.com/PokeAPI/sprites/master/sprites/pokemon/other/official-artwork/295.png,104,91,63,91,73,68,,FALSE,,,,,,,,,,,FALSE,,,,,,,,,,
296,makuhita,fighting,"thick-fat,guts,sheer-force",https://raw.githubusercontent.com/PokeAPI/sprites/master/sprites/pokemon/other/official-artwork/296.png,72,60,30,20,30,25,,FALSE,,,,,,,,,,,FALSE,,,,,,,,,,
297,hariyama,fighting,"thick-fat,guts,sheer-force",https://raw.githubusercontent.com/PokeAPI/sprites/master/sprites/pokemon/other/official-artwork/297.png,144,120,60,40,60,50,,FALSE,,,,,,,,,,,FALSE,,,,,,,,,,
298,azurill,"normal,fairy","thick-fat,huge-power,sap-sipper",https://raw.githubusercontent.com/PokeAPI/sprites/master/sprites/pokemon/other/official-artwork/298.png,50,20,40,20,40,20,,FALSE,,,,,,,,,,,FALSE,,,,,,,,,,
299,nosepass,rock,"sturdy,magnet-pull,sand-force",https://raw.githubusercontent.com/PokeAPI/sprites/master/sprites/pokemon/other/official-artwork/299.png,30,45,135,45,90,30,,FALSE,,,,,,,,,,,FALSE,,,,,,,,,,
300,skitty,normal,"cute-charm,normalize,wonder-skin",https://raw.githubusercontent.com/PokeAPI/sprites/master/sprites/pokemon/other/official-artwork/300.png,50,45,45,35,35,50,,FALSE,,,,,,,,,,,FALSE,,,,,,,,,,
301,delcatty,normal,"cute-charm,normalize,wonder-skin",https://raw.githubusercontent.com/PokeAPI/sprites/master/sprites/pokemon/other/official-artwork/301.png,70,65,65,55,55,90,,FALSE,,,,,,,,,,,FALSE,,,,,,,,,,
302,sableye,"dark,ghost","keen-eye,stall,prankster",https://raw.githubusercontent.com/PokeAPI/sprites/master/sprites/pokemon/other/official-artwork/302.png,50,75,75,65,65,50,,TRUE,sableye-mega,https://raw.githubusercontent.com/PokeAPI/sprites/master/sprites/pokemon/other/official-artwork/10066.png,"dark,ghost",magic-bounce,50,85,125,85,115,20,FALSE,,,,,,,,,,
303,mawile,"steel,fairy","hyper-cutter,intimidate,sheer-force",https://raw.githubusercontent.com/PokeAPI/sprites/master/sprites/pokemon/other/official-artwork/303.png,50,85,85,55,55,50,,TRUE,mawile-mega,https://raw.githubusercontent.com/PokeAPI/sprites/master/sprites/pokemon/other/official-artwork/10052.png,"steel,fairy",huge-power,50,105,125,55,95,50,FALSE,,,,,,,,,,
304,aron,"steel,rock","sturdy,rock-head,heavy-metal",https://raw.githubusercontent.com/PokeAPI/sprites/master/sprites/pokemon/other/official-artwork/304.png,50,70,100,40,40,30,,FALSE,,,,,,,,,,,FALSE,,,,,,,,,,
305,lairon,"steel,rock","sturdy,rock-head,heavy-metal",https://raw.githubusercontent.com/PokeAPI/sprites/master/sprites/pokemon/other/official-artwork/305.png,60,90,140,50,50,40,,FALSE,,,,,,,,,,,FALSE,,,,,,,,,,
306,aggron,"steel,rock","sturdy,rock-head,heavy-metal",https://raw.githubusercontent.com/PokeAPI/sprites/master/sprites/pokemon/other/official-artwork/306.png,70,110,180,60,60,50,,TRUE,aggron-mega,https://raw.githubusercontent.com/PokeAPI/sprites/master/sprites/pokemon/other/official-artwork/10053.png,steel,filter,70,140,230,60,80,50,FALSE,,,,,,,,,,
307,meditite,"fighting,psychic","pure-power,telepathy",https://raw.githubusercontent.com/PokeAPI/sprites/master/sprites/pokemon/other/official-artwork/307.png,30,40,55,40,55,60,,FALSE,,,,,,,,,,,FALSE,,,,,,,,,,
308,medicham,"fighting,psychic","pure-power,telepathy",https://raw.githubusercontent.com/PokeAPI/sprites/master/sprites/pokemon/other/official-artwork/308.png,60,60,75,60,75,80,,TRUE,medicham-mega,https://raw.githubusercontent.com/PokeAPI/sprites/master/sprites/pokemon/other/official-artwork/10054.png,"fighting,psychic",pure-power,60,100,85,80,85,100,FALSE,,,,,,,,,,
309,electrike,electric,"static,lightning-rod,minus",https://raw.githubusercontent.com/PokeAPI/sprites/master/sprites/pokemon/other/official-artwork/309.png,40,45,40,65,40,65,,FALSE,,,,,,,,,,,FALSE,,,,,,,,,,
310,manectric,electric,"static,lightning-rod,minus",https://raw.githubusercontent.com/PokeAPI/sprites/master/sprites/pokemon/other/official-artwork/310.png,70,75,60,105,60,105,,TRUE,manectric-mega,https://raw.githubusercontent.com/PokeAPI/sprites/master/sprites/pokemon/other/official-artwork/10055.png,electric,intimidate,70,75,80,135,80,135,FALSE,,,,,,,,,,
311,plusle,electric,"plus,lightning-rod",https://raw.githubusercontent.com/PokeAPI/sprites/master/sprites/pokemon/other/official-artwork/311.png,60,50,40,85,75,95,,FALSE,,,,,,,,,,,FALSE,,,,,,,,,,
312,minun,electric,"minus,volt-absorb",https://raw.githubusercontent.com/PokeAPI/sprites/master/sprites/pokemon/other/official-artwork/312.png,60,40,50,75,85,95,,FALSE,,,,,,,,,,,FALSE,,,,,,,,,,
313,volbeat,bug,"illuminate,swarm,prankster",https://raw.githubusercontent.com/PokeAPI/sprites/master/sprites/pokemon/other/official-artwork/313.png,65,73,75,47,85,85,,FALSE,,,,,,,,,,,FALSE,,,,,,,,,,
314,illumise,bug,"oblivious,tinted-lens,prankster",https://raw.githubusercontent.com/PokeAPI/sprites/master/sprites/pokemon/other/official-artwork/314.png,65,47,75,73,85,85,,FALSE,,,,,,,,,,,FALSE,,,,,,,,,,
315,roselia,"grass,poison","natural-cure,poison-point,leaf-guard",https://raw.githubusercontent.com/PokeAPI/sprites/master/sprites/pokemon/other/official-artwork/315.png,50,60,45,100,80,65,,FALSE,,,,,,,,,,,FALSE,,,,,,,,,,
316,gulpin,poison,"liquid-ooze,sticky-hold,gluttony",https://raw.githubusercontent.com/PokeAPI/sprites/master/sprites/pokemon/other/official-artwork/316.png,70,43,53,43,53,40,,FALSE,,,,,,,,,,,FALSE,,,,,,,,,,
317,swalot,poison,"liquid-ooze,sticky-hold,gluttony",https://raw.githubusercontent.com/PokeAPI/sprites/master/sprites/pokemon/other/official-artwork/317.png,100,73,83,73,83,55,,FALSE,,,,,,,,,,,FALSE,,,,,,,,,,
318,carvanha,"water,dark","rough-skin,speed-boost",https://raw.githubusercontent.com/PokeAPI/sprites/master/sprites/pokemon/other/official-artwork/318.png,45,90,20,65,20,65,,FALSE,,,,,,,,,,,FALSE,,,,,,,,,,
319,sharpedo,"water,dark","rough-skin,speed-boost",https://raw.githubusercontent.com/PokeAPI/sprites/master/sprites/pokemon/other/official-artwork/319.png,70,120,40,95,40,95,,TRUE,sharpedo-mega,https://raw.githubusercontent.com/PokeAPI/sprites/master/sprites/pokemon/other/official-artwork/10070.png,"water,dark",strong-jaw,70,140,70,110,65,105,FALSE,,,,,,,,,,
320,wailmer,water,"water-veil,oblivious,pressure",https://raw.githubusercontent.com/PokeAPI/sprites/master/sprites/pokemon/other/official-artwork/320.png,130,70,35,70,35,60,,FALSE,,,,,,,,,,,FALSE,,,,,,,,,,
321,wailord,water,"water-veil,oblivious,pressure",https://raw.githubusercontent.com/PokeAPI/sprites/master/sprites/pokemon/other/official-artwork/321.png,170,90,45,90,45,60,,FALSE,,,,,,,,,,,FALSE,,,,,,,,,,
322,numel,"fire,ground","oblivious,simple,own-tempo",https://raw.githubusercontent.com/PokeAPI/sprites/master/sprites/pokemon/other/official-artwork/322.png,60,60,40,65,45,35,,FALSE,,,,,,,,,,,FALSE,,,,,,,,,,
323,camerupt,"fire,ground","magma-armor,solid-rock,anger-point",https://raw.githubusercontent.com/PokeAPI/sprites/master/sprites/pokemon/other/official-artwork/323.png,70,100,70,105,75,40,,TRUE,camerupt-mega,https://raw.githubusercontent.com/PokeAPI/sprites/master/sprites/pokemon/other/official-artwork/10087.png,"fire,ground",sheer-force,70,120,100,145,105,20,FALSE,,,,,,,,,,
324,torkoal,fire,"white-smoke,drought,shell-armor",https://raw.githubusercontent.com/PokeAPI/sprites/master/sprites/pokemon/other/official-artwork/324.png,70,85,140,85,70,20,,FALSE,,,,,,,,,,,FALSE,,,,,,,,,,
325,spoink,psychic,"thick-fat,own-tempo,gluttony",https://raw.githubusercontent.com/PokeAPI/sprites/master/sprites/pokemon/other/official-artwork/325.png,60,25,35,70,80,60,,FALSE,,,,,,,,,,,FALSE,,,,,,,,,,
326,grumpig,psychic,"thick-fat,own-tempo,gluttony",https://raw.githubusercontent.com/PokeAPI/sprites/master/sprites/pokemon/other/official-artwork/326.png,80,45,65,90,110,80,,FALSE,,,,,,,,,,,FALSE,,,,,,,,,,
327,spinda,normal,"own-tempo,tangled-feet,contrary",https://raw.githubusercontent.com/PokeAPI/sprites/master/sprites/pokemon/other/official-artwork/327.png,60,60,60,60,60,60,,FALSE,,,,,,,,,,,FALSE,,,,,,,,,,
328,trapinch,ground,"hyper-cutter,arena-trap,sheer-force",https://raw.githubusercontent.com/PokeAPI/sprites/master/sprites/pokemon/other/official-artwork/328.png,45,100,45,45,45,10,,FALSE,,,,,,,,,,,FALSE,,,,,,,,,,
329,vibrava,"ground,dragon",levitate,https://raw.githubusercontent.com/PokeAPI/sprites/master/sprites/pokemon/other/official-artwork/329.png,50,70,50,50,50,70,,FALSE,,,,,,,,,,,FALSE,,,,,,,,,,
330,flygon,"ground,dragon",levitate,https://raw.githubusercontent.com/PokeAPI/sprites/master/sprites/pokemon/other/official-artwork/330.png,80,100,80,80,80,100,,FALSE,,,,,,,,,,,FALSE,,,,,,,,,,
331,cacnea,grass,"sand-veil,water-absorb",https://raw.githubusercontent.com/PokeAPI/sprites/master/sprites/pokemon/other/official-artwork/331.png,50,85,40,85,40,35,,FALSE,,,,,,,,,,,FALSE,,,,,,,,,,
332,cacturne,"grass,dark","sand-veil,water-absorb",https://raw.githubusercontent.com/PokeAPI/sprites/master/sprites/pokemon/other/official-artwork/332.png,70,115,60,115,60,55,,FALSE,,,,,,,,,,,FALSE,,,,,,,,,,
333,swablu,"normal,flying","natural-cure,cloud-nine",https://raw.githubusercontent.com/PokeAPI/sprites/master/sprites/pokemon/other/official-artwork/333.png,45,40,60,40,75,50,,FALSE,,,,,,,,,,,FALSE,,,,,,,,,,
334,altaria,"dragon,flying","natural-cure,cloud-nine",https://raw.githubusercontent.com/PokeAPI/sprites/master/sprites/pokemon/other/official-artwork/334.png,75,70,90,70,105,80,,TRUE,altaria-mega,https://raw.githubusercontent.com/PokeAPI/sprites/master/sprites/pokemon/other/official-artwork/10067.png,"dragon,fairy",pixilate,75,110,110,110,105,80,FALSE,,,,,,,,,,
335,zangoose,normal,"immunity,toxic-boost",https://raw.githubusercontent.com/PokeAPI/sprites/master/sprites/pokemon/other/official-artwork/335.png,73,115,60,60,60,90,,FALSE,,,,,,,,,,,FALSE,,,,,,,,,,
336,seviper,poison,"shed-skin,infiltrator",https://raw.githubusercontent.com/PokeAPI/sprites/master/sprites/pokemon/other/official-artwork/336.png,73,100,60,100,60,65,,FALSE,,,,,,,,,,,FALSE,,,,,,,,,,
337,lunatone,"rock,psychic",levitate,https://raw.githubusercontent.com/PokeAPI/sprites/master/sprites/pokemon/other/official-artwork/337.png,90,55,65,95,85,70,,FALSE,,,,,,,,,,,FALSE,,,,,,,,,,
338,solrock,"rock,psychic",levitate,https://raw.githubusercontent.com/PokeAPI/sprites/master/sprites/pokemon/other/official-artwork/338.png,90,95,85,55,65,70,,FALSE,,,,,,,,,,,FALSE,,,,,,,,,,
339,barboach,"water,ground","oblivious,anticipation,hydration",https://raw.githubusercontent.com/PokeAPI/sprites/master/sprites/pokemon/other/official-artwork/339.png,50,48,43,46,41,60,,FALSE,,,,,,,,,,,FALSE,,,,,,,,,,
340,whiscash,"water,ground","oblivious,anticipation,hydration",https://raw.githubusercontent.com/PokeAPI/sprites/master/sprites/pokemon/other/official-artwork/340.png,110,78,73,76,71,60,,FALSE,,,,,,,,,,,FALSE,,,,,,,,,,
341,corphish,water,"hyper-cutter,shell-armor,adaptability",https://raw.githubusercontent.com/PokeAPI/sprites/master/sprites/pokemon/other/official-artwork/341.png,43,80,65,50,35,35,,FALSE,,,,,,,,,,,FALSE,,,,,,,,,,
342,crawdaunt,"water,dark","hyper-cutter,shell-armor,adaptability",https://raw.githubusercontent.com/PokeAPI/sprites/master/sprites/pokemon/other/official-artwork/342.png,63,120,85,90,55,55,,FALSE,,,,,,,,,,,FALSE,,,,,,,,,,
343,baltoy,"ground,psychic",levitate,https://raw.githubusercontent.com/PokeAPI/sprites/master/sprites/pokemon/other/official-artwork/343.png,40,40,55,40,70,55,,FALSE,,,,,,,,,,,FALSE,,,,,,,,,,
344,claydol,"ground,psychic",levitate,https://raw.githubusercontent.com/PokeAPI/sprites/master/sprites/pokemon/other/official-artwork/344.png,60,70,105,70,120,75,,FALSE,,,,,,,,,,,FALSE,,,,,,,,,,
345,lileep,"rock,grass","suction-cups,storm-drain",https://raw.githubusercontent.com/PokeAPI/sprites/master/sprites/pokemon/other/official-artwork/345.png,66,41,77,61,87,23,,FALSE,,,,,,,,,,,FALSE,,,,,,,,,,
346,cradily,"rock,grass","suction-cups,storm-drain",https://raw.githubusercontent.com/PokeAPI/sprites/master/sprites/pokemon/other/official-artwork/346.png,86,81,97,81,107,43,,FALSE,,,,,,,,,,,FALSE,,,,,,,,,,
347,anorith,"rock,bug","battle-armor,swift-swim",https://raw.githubusercontent.com/PokeAPI/sprites/master/sprites/pokemon/other/official-artwork/347.png,45,95,50,40,50,75,,FALSE,,,,,,,,,,,FALSE,,,,,,,,,,
348,armaldo,"rock,bug","battle-armor,swift-swim",https://raw.githubusercontent.com/PokeAPI/sprites/master/sprites/pokemon/other/official-artwork/348.png,75,125,100,70,80,45,,FALSE,,,,,,,,,,,FALSE,,,,,,,,,,
349,feebas,water,"swift-swim,oblivious,adaptability",https://raw.githubusercontent.com/PokeAPI/sprites/master/sprites/pokemon/other/official-artwork/349.png,20,15,20,10,55,80,,FALSE,,,,,,,,,,,FALSE,,,,,,,,,,
350,milotic,water,"marvel-scale,competitive,cute-charm",https://raw.githubusercontent.com/PokeAPI/sprites/master/sprites/pokemon/other/official-artwork/350.png,95,60,79,100,125,81,,FALSE,,,,,,,,,,,FALSE,,,,,,,,,,
351,castform,normal,forecast,https://raw.githubusercontent.com/PokeAPI/sprites/master/sprites/pokemon/other/official-artwork/351.png,70,70,70,70,70,70,,FALSE,,,,,,,,,,,FALSE,,,,,,,,,,
352,kecleon,normal,"color-change,protean",https://raw.githubusercontent.com/PokeAPI/sprites/master/sprites/pokemon/other/official-artwork/352.png,60,90,70,60,120,40,,FALSE,,,,,,,,,,,FALSE,,,,,,,,,,
353,shuppet,ghost,"insomnia,frisk,cursed-body",https://raw.githubusercontent.com/PokeAPI/sprites/master/sprites/pokemon/other/official-artwork/353.png,44,75,35,63,33,45,,FALSE,,,,,,,,,,,FALSE,,,,,,,,,,
354,banette,ghost,"insomnia,frisk,cursed-body",https://raw.githubusercontent.com/PokeAPI/sprites/master/sprites/pokemon/other/official-artwork/354.png,64,115,65,83,63,65,,TRUE,banette-mega,https://raw.githubusercontent.com/PokeAPI/sprites/master/sprites/pokemon/other/official-artwork/10056.png,ghost,prankster,64,165,75,93,83,75,FALSE,,,,,,,,,,
355,duskull,ghost,"levitate,frisk",https://raw.githubusercontent.com/PokeAPI/sprites/master/sprites/pokemon/other/official-artwork/355.png,20,40,90,30,90,25,,FALSE,,,,,,,,,,,FALSE,,,,,,,,,,
356,dusclops,ghost,"pressure,frisk",https://raw.githubusercontent.com/PokeAPI/sprites/master/sprites/pokemon/other/official-artwork/356.png,40,70,130,60,130,25,,FALSE,,,,,,,,,,,FALSE,,,,,,,,,,
357,tropius,"grass,flying","chlorophyll,solar-power,harvest",https://raw.githubusercontent.com/PokeAPI/sprites/master/sprites/pokemon/other/official-artwork/357.png,99,68,83,72,87,51,,FALSE,,,,,,,,,,,FALSE,,,,,,,,,,
358,chimecho,psychic,levitate,https://raw.githubusercontent.com/PokeAPI/sprites/master/sprites/pokemon/other/official-artwork/358.png,75,50,80,95,90,65,,FALSE,,,,,,,,,,,FALSE,,,,,,,,,,
359,absol,dark,"pressure,super-luck,justified",https://raw.githubusercontent.com/PokeAPI/sprites/master/sprites/pokemon/other/official-artwork/359.png,65,130,60,75,60,75,,TRUE,absol-mega,https://raw.githubusercontent.com/PokeAPI/sprites/master/sprites/pokemon/other/official-artwork/10057.png,dark,magic-bounce,65,150,60,115,60,115,FALSE,,,,,,,,,,
360,wynaut,psychic,"shadow-tag,telepathy",https://raw.githubusercontent.com/PokeAPI/sprites/master/sprites/pokemon/other/official-artwork/360.png,95,23,48,23,48,23,,FALSE,,,,,,,,,,,FALSE,,,,,,,,,,
361,snorunt,ice,"inner-focus,ice-body,moody",https://raw.githubusercontent.com/PokeAPI/sprites/master/sprites/pokemon/other/official-artwork/361.png,50,50,50,50,50,50,,FALSE,,,,,,,,,,,FALSE,,,,,,,,,,
362,glalie,ice,"inner-focus,ice-body,moody",https://raw.githubusercontent.com/PokeAPI/sprites/master/sprites/pokemon/other/official-artwork/362.png,80,80,80,80,80,80,,TRUE,glalie-mega,https://raw.githubusercontent.com/PokeAPI/sprites/master/sprites/pokemon/other/official-artwork/10074.png,ice,refrigerate,80,120,80,120,80,100,FALSE,,,,,,,,,,
363,spheal,"ice,water","thick-fat,ice-body,oblivious",https://raw.githubusercontent.com/PokeAPI/sprites/master/sprites/pokemon/other/official-artwork/363.png,70,40,50,55,50,25,,FALSE,,,,,,,,,,,FALSE,,,,,,,,,,
364,sealeo,"ice,water","thick-fat,ice-body,oblivious",https://raw.githubusercontent.com/PokeAPI/sprites/master/sprites/pokemon/other/official-artwork/364.png,90,60,70,75,70,45,,FALSE,,,,,,,,,,,FALSE,,,,,,,,,,
365,walrein,"ice,water","thick-fat,ice-body,oblivious",https://raw.githubusercontent.com/PokeAPI/sprites/master/sprites/pokemon/other/official-artwork/365.png,110,80,90,95,90,65,,FALSE,,,,,,,,,,,FALSE,,,,,,,,,,
366,clamperl,water,"shell-armor,rattled",https://raw.githubusercontent.com/PokeAPI/sprites/master/sprites/pokemon/other/official-artwork/366.png,35,64,85,74,55,32,,FALSE,,,,,,,,,,,FALSE,,,,,,,,,,
367,huntail,water,"swift-swim,water-veil",https://raw.githubusercontent.com/PokeAPI/sprites/master/sprites/pokemon/other/official-artwork/367.png,55,104,105,94,75,52,,FALSE,,,,,,,,,,,FALSE,,,,,,,,,,
368,gorebyss,water,"swift-swim,hydration",https://raw.githubusercontent.com/PokeAPI/sprites/master/sprites/pokemon/other/official-artwork/368.png,55,84,105,114,75,52,,FALSE,,,,,,,,,,,FALSE,,,,,,,,,,
369,relicanth,"water,rock","swift-swim,rock-head,sturdy",https://raw.githubusercontent.com/PokeAPI/sprites/master/sprites/pokemon/other/official-artwork/369.png,100,90,130,45,65,55,,FALSE,,,,,,,,,,,FALSE,,,,,,,,,,
370,luvdisc,water,"swift-swim,hydration",https://raw.githubusercontent.com/PokeAPI/sprites/master/sprites/pokemon/other/official-artwork/370.png,43,30,55,40,65,97,,FALSE,,,,,,,,,,,FALSE,,,,,,,,,,
371,bagon,dragon,"rock-head,sheer-force",https://raw.githubusercontent.com/PokeAPI/sprites/master/sprites/pokemon/other/official-artwork/371.png,45,75,60,40,30,50,,FALSE,,,,,,,,,,,FALSE,,,,,,,,,,
372,shelgon,dragon,"rock-head,overcoat",https://raw.githubusercontent.com/PokeAPI/sprites/master/sprites/pokemon/other/official-artwork/372.png,65,95,100,60,50,50,,FALSE,,,,,,,,,,,FALSE,,,,,,,,,,
373,salamence,"dragon,flying","intimidate,moxie",https://raw.githubusercontent.com/PokeAPI/sprites/master/sprites/pokemon/other/official-artwork/373.png,95,135,80,110,80,100,,TRUE,salamence-mega,https://raw.githubusercontent.com/PokeAPI/sprites/master/sprites/pokemon/other/official-artwork/10089.png,"dragon,flying",aerilate,95,145,130,120,90,120,FALSE,,,,,,,,,,
374,beldum,"steel,psychic","clear-body,light-metal",https://raw.githubusercontent.com/PokeAPI/sprites/master/sprites/pokemon/other/official-artwork/374.png,40,55,80,35,60,30,,FALSE,,,,,,,,,,,FALSE,,,,,,,,,,
375,metang,"steel,psychic","clear-body,light-metal",https://raw.githubusercontent.com/PokeAPI/sprites/master/sprites/pokemon/other/official-artwork/375.png,60,75,100,55,80,50,,FALSE,,,,,,,,,,,FALSE,,,,,,,,,,
376,metagross,"steel,psychic","clear-body,light-metal",https://raw.githubusercontent.com/PokeAPI/sprites/master/sprites/pokemon/other/official-artwork/376.png,80,135,130,95,90,70,,TRUE,metagross-mega,https://raw.githubusercontent.com/PokeAPI/sprites/master/sprites/pokemon/other/official-artwork/10076.png,"steel,psychic",tough-claws,80,145,150,105,110,110,FALSE,,,,,,,,,,
377,regirock,rock,"clear-body,sturdy",https://raw.githubusercontent.com/PokeAPI/sprites/master/sprites/pokemon/other/official-artwork/377.png,80,100,200,50,100,50,Sub-Legendary,FALSE,,,,,,,,,,,FALSE,,,,,,,,,,
378,regice,ice,"clear-body,ice-body",https://raw.githubusercontent.com/PokeAPI/sprites/master/sprites/pokemon/other/official-artwork/378.png,80,50,100,100,200,50,Sub-Legendary,FALSE,,,,,,,,,,,FALSE,,,,,,,,,,
379,registeel,steel,"clear-body,light-metal",https://raw.githubusercontent.com/PokeAPI/sprites/master/sprites/pokemon/other/official-artwork/379.png,80,75,150,75,150,50,Sub-Legendary,FALSE,,,,,,,,,,,FALSE,,,,,,,,,,
380,latias,"dragon,psychic",levitate,https://raw.githubusercontent.com/PokeAPI/sprites/master/sprites/pokemon/other/official-artwork/380.png,80,80,90,110,130,110,Sub-Legendary,TRUE,latias-mega,https://raw.githubusercontent.com/PokeAPI/sprites/master/sprites/pokemon/other/official-artwork/10062.png,"dragon,psychic",levitate,80,100,120,140,150,110,FALSE,,,,,,,,,,
381,latios,"dragon,psychic",levitate,https://raw.githubusercontent.com/PokeAPI/sprites/master/sprites/pokemon/other/official-artwork/381.png,80,90,80,130,110,110,Sub-Legendary,TRUE,latios-mega,https://raw.githubusercontent.com/PokeAPI/sprites/master/sprites/pokemon/other/official-artwork/10063.png,"dragon,psychic",levitate,80,130,100,160,120,110,FALSE,,,,,,,,,,
382,kyogre,water,drizzle,https://raw.githubusercontent.com/PokeAPI/sprites/master/sprites/pokemon/other/official-artwork/382.png,100,100,90,150,140,90,Legendary,FALSE,,,,,,,,,,,FALSE,,,,,,,,,,
383,groudon,ground,drought,https://raw.githubusercontent.com/PokeAPI/sprites/master/sprites/pokemon/other/official-artwork/383.png,100,150,140,100,90,90,Legendary,FALSE,,,,,,,,,,,FALSE,,,,,,,,,,
384,rayquaza,"dragon,flying",air-lock,https://raw.githubusercontent.com/PokeAPI/sprites/master/sprites/pokemon/other/official-artwork/384.png,105,150,90,150,90,95,Legendary,TRUE,rayquaza-mega,https://raw.githubusercontent.com/PokeAPI/sprites/master/sprites/pokemon/other/official-artwork/10079.png,"dragon,flying",delta-stream,105,180,100,180,100,115,FALSE,,,,,,,,,,
385,jirachi,"steel,psychic",serene-grace,https://raw.githubusercontent.com/PokeAPI/sprites/master/sprites/pokemon/other/official-artwork/385.png,100,100,100,100,100,100,Mythical,FALSE,,,,,,,,,,,FALSE,,,,,,,,,,
386,deoxys-normal,psychic,pressure,https://raw.githubusercontent.com/PokeAPI/sprites/master/sprites/pokemon/other/official-artwork/386.png,50,150,50,150,50,150,Mythical,FALSE,,,,,,,,,,,FALSE,,,,,,,,,,
387,turtwig,grass,"overgrow,shell-armor",https://raw.githubusercontent.com/PokeAPI/sprites/master/sprites/pokemon/other/official-artwork/387.png,55,68,64,45,55,31,,FALSE,,,,,,,,,,,FALSE,,,,,,,,,,
388,grotle,grass,"overgrow,shell-armor",https://raw.githubusercontent.com/PokeAPI/sprites/master/sprites/pokemon/other/official-artwork/388.png,75,89,85,55,65,36,,FALSE,,,,,,,,,,,FALSE,,,,,,,,,,
389,torterra,"grass,ground","overgrow,shell-armor",https://raw.githubusercontent.com/PokeAPI/sprites/master/sprites/pokemon/other/official-artwork/389.png,95,109,105,75,85,56,,FALSE,,,,,,,,,,,FALSE,,,,,,,,,,
390,chimchar,fire,"blaze,iron-fist",https://raw.githubusercontent.com/PokeAPI/sprites/master/sprites/pokemon/other/official-artwork/390.png,44,58,44,58,44,61,,FALSE,,,,,,,,,,,FALSE,,,,,,,,,,
391,monferno,"fire,fighting","blaze,iron-fist",https://raw.githubusercontent.com/PokeAPI/sprites/master/sprites/pokemon/other/official-artwork/391.png,64,78,52,78,52,81,,FALSE,,,,,,,,,,,FALSE,,,,,,,,,,
392,infernape,"fire,fighting","blaze,iron-fist",https://raw.githubusercontent.com/PokeAPI/sprites/master/sprites/pokemon/other/official-artwork/392.png,76,104,71,104,71,108,,FALSE,,,,,,,,,,,FALSE,,,,,,,,,,
393,piplup,water,"torrent,competitive",https://raw.githubusercontent.com/PokeAPI/sprites/master/sprites/pokemon/other/official-artwork/393.png,53,51,53,61,56,40,,FALSE,,,,,,,,,,,FALSE,,,,,,,,,,
394,prinplup,water,"torrent,competitive",https://raw.githubusercontent.com/PokeAPI/sprites/master/sprites/pokemon/other/official-artwork/394.png,64,66,68,81,76,50,,FALSE,,,,,,,,,,,FALSE,,,,,,,,,,
395,empoleon,"water,steel","torrent,competitive",https://raw.githubusercontent.com/PokeAPI/sprites/master/sprites/pokemon/other/official-artwork/395.png,84,86,88,111,101,60,,FALSE,,,,,,,,,,,FALSE,,,,,,,,,,
396,starly,"normal,flying","keen-eye,reckless",https://raw.githubusercontent.com/PokeAPI/sprites/master/sprites/pokemon/other/official-artwork/396.png,40,55,30,30,30,60,,FALSE,,,,,,,,,,,FALSE,,,,,,,,,,
397,staravia,"normal,flying","intimidate,reckless",https://raw.githubusercontent.com/PokeAPI/sprites/master/sprites/pokemon/other/official-artwork/397.png,55,75,50,40,40,80,,FALSE,,,,,,,,,,,FALSE,,,,,,,,,,
398,staraptor,"normal,flying","intimidate,reckless",https://raw.githubusercontent.com/PokeAPI/sprites/master/sprites/pokemon/other/official-artwork/398.png,85,120,70,50,60,100,,FALSE,,,,,,,,,,,FALSE,,,,,,,,,,
399,bidoof,normal,"simple,unaware,moody",https://raw.githubusercontent.com/PokeAPI/sprites/master/sprites/pokemon/other/official-artwork/399.png,59,45,40,35,40,31,,FALSE,,,,,,,,,,,FALSE,,,,,,,,,,
400,bibarel,"normal,water","simple,unaware,moody",https://raw.githubusercontent.com/PokeAPI/sprites/master/sprites/pokemon/other/official-artwork/400.png,79,85,60,55,60,71,,FALSE,,,,,,,,,,,FALSE,,,,,,,,,,
401,kricketot,bug,"shed-skin,run-away",https://raw.githubusercontent.com/PokeAPI/sprites/master/sprites/pokemon/other/official-artwork/401.png,37,25,41,25,41,25,,FALSE,,,,,,,,,,,FALSE,,,,,,,,,,
402,kricketune,bug,"swarm,technician",https://raw.githubusercontent.com/PokeAPI/sprites/master/sprites/pokemon/other/official-artwork/402.png,77,85,51,55,51,65,,FALSE,,,,,,,,,,,FALSE,,,,,,,,,,
403,shinx,electric,"rivalry,intimidate,guts",https://raw.githubusercontent.com/PokeAPI/sprites/master/sprites/pokemon/other/official-artwork/403.png,45,65,34,40,34,45,,FALSE,,,,,,,,,,,FALSE,,,,,,,,,,
404,luxio,electric,"rivalry,intimidate,guts",https://raw.githubusercontent.com/PokeAPI/sprites/master/sprites/pokemon/other/official-artwork/404.png,60,85,49,60,49,60,,FALSE,,,,,,,,,,,FALSE,,,,,,,,,,
405,luxray,electric,"rivalry,intimidate,guts",https://raw.githubusercontent.com/PokeAPI/sprites/master/sprites/pokemon/other/official-artwork/405.png,80,120,79,95,79,70,,FALSE,,,,,,,,,,,FALSE,,,,,,,,,,
406,budew,"grass,poison","natural-cure,poison-point,leaf-guard",https://raw.githubusercontent.com/PokeAPI/sprites/master/sprites/pokemon/other/official-artwork/406.png,40,30,35,50,70,55,,FALSE,,,,,,,,,,,FALSE,,,,,,,,,,
407,roserade,"grass,poison","natural-cure,poison-point,technician",https://raw.githubusercontent.com/PokeAPI/sprites/master/sprites/pokemon/other/official-artwork/407.png,60,70,65,125,105,90,,FALSE,,,,,,,,,,,FALSE,,,,,,,,,,
408,cranidos,rock,"mold-breaker,sheer-force",https://raw.githubusercontent.com/PokeAPI/sprites/master/sprites/pokemon/other/official-artwork/408.png,67,125,40,30,30,58,,FALSE,,,,,,,,,,,FALSE,,,,,,,,,,
409,rampardos,rock,"mold-breaker,sheer-force",https://raw.githubusercontent.com/PokeAPI/sprites/master/sprites/pokemon/other/official-artwork/409.png,97,165,60,65,50,58,,FALSE,,,,,,,,,,,FALSE,,,,,,,,,,
410,shieldon,"rock,steel","sturdy,soundproof",https://raw.githubusercontent.com/PokeAPI/sprites/master/sprites/pokemon/other/official-artwork/410.png,30,42,118,42,88,30,,FALSE,,,,,,,,,,,FALSE,,,,,,,,,,
411,bastiodon,"rock,steel","sturdy,soundproof",https://raw.githubusercontent.com/PokeAPI/sprites/master/sprites/pokemon/other/official-artwork/411.png,60,52,168,47,138,30,,FALSE,,,,,,,,,,,FALSE,,,,,,,,,,
412,burmy,bug,"shed-skin,overcoat",https://raw.githubusercontent.com/PokeAPI/sprites/master/sprites/pokemon/other/official-artwork/412.png,40,29,45,29,45,36,,FALSE,,,,,,,,,,,FALSE,,,,,,,,,,
413,wormadam-plant,"bug,grass","anticipation,overcoat",https://raw.githubusercontent.com/PokeAPI/sprites/master/sprites/pokemon/other/official-artwork/413.png,60,59,85,79,105,36,,FALSE,,,,,,,,,,,FALSE,,,,,,,,,,
414,mothim,"bug,flying","swarm,tinted-lens",https://raw.githubusercontent.com/PokeAPI/sprites/master/sprites/pokemon/other/official-artwork/414.png,70,94,50,94,50,66,,FALSE,,,,,,,,,,,FALSE,,,,,,,,,,
415,combee,"bug,flying","honey-gather,hustle",https://raw.githubusercontent.com/PokeAPI/sprites/master/sprites/pokemon/other/official-artwork/415.png,30,30,42,30,42,70,,FALSE,,,,,,,,,,,FALSE,,,,,,,,,,
416,vespiquen,"bug,flying","pressure,unnerve",https://raw.githubusercontent.com/PokeAPI/sprites/master/sprites/pokemon/other/official-artwork/416.png,70,80,102,80,102,40,,FALSE,,,,,,,,,,,FALSE,,,,,,,,,,
417,pachirisu,electric,"run-away,pickup,volt-absorb",https://raw.githubusercontent.com/PokeAPI/sprites/master/sprites/pokemon/other/official-artwork/417.png,60,45,70,45,90,95,,FALSE,,,,,,,,,,,FALSE,,,,,,,,,,
418,buizel,water,"swift-swim,water-veil",https://raw.githubusercontent.com/PokeAPI/sprites/master/sprites/pokemon/other/official-artwork/418.png,55,65,35,60,30,85,,FALSE,,,,,,,,,,,FALSE,,,,,,,,,,
419,floatzel,water,"swift-swim,water-veil",https://raw.githubusercontent.com/PokeAPI/sprites/master/sprites/pokemon/other/official-artwork/419.png,85,105,55,85,50,115,,FALSE,,,,,,,,,,,FALSE,,,,,,,,,,
420,cherubi,grass,chlorophyll,https://raw.githubusercontent.com/PokeAPI/sprites/master/sprites/pokemon/other/official-artwork/420.png,45,35,45,62,53,35,,FALSE,,,,,,,,,,,FALSE,,,,,,,,,,
421,cherrim,grass,flower-gift,https://raw.githubusercontent.com/PokeAPI/sprites/master/sprites/pokemon/other/official-artwork/421.png,70,60,70,87,78,85,,FALSE,,,,,,,,,,,FALSE,,,,,,,,,,
422,shellos,water,"sticky-hold,storm-drain,sand-force",https://raw.githubusercontent.com/PokeAPI/sprites/master/sprites/pokemon/other/official-artwork/422.png,76,48,48,57,62,34,,FALSE,,,,,,,,,,,FALSE,,,,,,,,,,
423,gastrodon,"water,ground","sticky-hold,storm-drain,sand-force",https://raw.githubusercontent.com/PokeAPI/sprites/master/sprites/pokemon/other/official-artwork/423.png,111,83,68,92,82,39,,FALSE,,,,,,,,,,,FALSE,,,,,,,,,,
424,ambipom,normal,"technician,pickup,skill-link",https://raw.githubusercontent.com/PokeAPI/sprites/master/sprites/pokemon/other/official-artwork/424.png,75,100,66,60,66,115,,FALSE,,,,,,,,,,,FALSE,,,,,,,,,,
425,drifloon,"ghost,flying","aftermath,unburden,flare-boost",https://raw.githubusercontent.com/PokeAPI/sprites/master/sprites/pokemon/other/official-artwork/425.png,90,50,34,60,44,70,,FALSE,,,,,,,,,,,FALSE,,,,,,,,,,
426,drifblim,"ghost,flying","aftermath,unburden,flare-boost",https://raw.githubusercontent.com/PokeAPI/sprites/master/sprites/pokemon/other/official-artwork/426.png,150,80,44,90,54,80,,FALSE,,,,,,,,,,,FALSE,,,,,,,,,,
427,buneary,normal,"run-away,klutz,limber",https://raw.githubusercontent.com/PokeAPI/sprites/master/sprites/pokemon/other/official-artwork/427.png,55,66,44,44,56,85,,FALSE,,,,,,,,,,,FALSE,,,,,,,,,,
428,lopunny,normal,"cute-charm,klutz,limber",https://raw.githubusercontent.com/PokeAPI/sprites/master/sprites/pokemon/other/official-artwork/428.png,65,76,84,54,96,105,,TRUE,lopunny-mega,https://raw.githubusercontent.com/PokeAPI/sprites/master/sprites/pokemon/other/official-artwork/10088.png,"normal,fighting",scrappy,65,136,94,54,96,135,FALSE,,,,,,,,,,
429,mismagius,ghost,levitate,https://raw.githubusercontent.com/PokeAPI/sprites/master/sprites/pokemon/other/official-artwork/429.png,60,60,60,105,105,105,,FALSE,,,,,,,,,,,FALSE,,,,,,,,,,
430,honchkrow,"dark,flying","insomnia,super-luck,moxie",https://raw.githubusercontent.com/PokeAPI/sprites/master/sprites/pokemon/other/official-artwork/430.png,100,125,52,105,52,71,,FALSE,,,,,,,,,,,FALSE,,,,,,,,,,
431,glameow,normal,"limber,own-tempo,keen-eye",https://raw.githubusercontent.com/PokeAPI/sprites/master/sprites/pokemon/other/official-artwork/431.png,49,55,42,42,37,85,,FALSE,,,,,,,,,,,FALSE,,,,,,,,,,
432,purugly,normal,"thick-fat,own-tempo,defiant",https://raw.githubusercontent.com/PokeAPI/sprites/master/sprites/pokemon/other/official-artwork/432.png,71,82,64,64,59,112,,FALSE,,,,,,,,,,,FALSE,,,,,,,,,,
433,chingling,psychic,levitate,https://raw.githubusercontent.com/PokeAPI/sprites/master/sprites/pokemon/other/official-artwork/433.png,45,30,50,65,50,45,,FALSE,,,,,,,,,,,FALSE,,,,,,,,,,
434,stunky,"poison,dark","stench,aftermath,keen-eye",https://raw.githubusercontent.com/PokeAPI/sprites/master/sprites/pokemon/other/official-artwork/434.png,63,63,47,41,41,74,,FALSE,,,,,,,,,,,FALSE,,,,,,,,,,
435,skuntank,"poison,dark","stench,aftermath,keen-eye",https://raw.githubusercontent.com/PokeAPI/sprites/master/sprites/pokemon/other/official-artwork/435.png,103,93,67,71,61,84,,FALSE,,,,,,,,,,,FALSE,,,,,,,,,,
436,bronzor,"steel,psychic","levitate,heatproof,heavy-metal",https://raw.githubusercontent.com/PokeAPI/sprites/master/sprites/pokemon/other/official-artwork/436.png,57,24,86,24,86,23,,FALSE,,,,,,,,,,,FALSE,,,,,,,,,,
437,bronzong,"steel,psychic","levitate,heatproof,heavy-metal",https://raw.githubusercontent.com/PokeAPI/sprites/master/sprites/pokemon/other/official-artwork/437.png,67,89,116,79,116,33,,FALSE,,,,,,,,,,,FALSE,,,,,,,,,,
438,bonsly,rock,"sturdy,rock-head,rattled",https://raw.githubusercontent.com/PokeAPI/sprites/master/sprites/pokemon/other/official-artwork/438.png,50,80,95,10,45,10,,FALSE,,,,,,,,,,,FALSE,,,,,,,,,,
439,mime-jr,"psychic,fairy","soundproof,filter,technician",https://raw.githubusercontent.com/PokeAPI/sprites/master/sprites/pokemon/other/official-artwork/439.png,20,25,45,70,90,60,,FALSE,,,,,,,,,,,FALSE,,,,,,,,,,
440,happiny,normal,"natural-cure,serene-grace,friend-guard",https://raw.githubusercontent.com/PokeAPI/sprites/master/sprites/pokemon/other/official-artwork/440.png,100,5,5,15,65,30,,FALSE,,,,,,,,,,,FALSE,,,,,,,,,,
441,chatot,"normal,flying","keen-eye,tangled-feet,big-pecks",https://raw.githubusercontent.com/PokeAPI/sprites/master/sprites/pokemon/other/official-artwork/441.png,76,65,45,92,42,91,,FALSE,,,,,,,,,,,FALSE,,,,,,,,,,
442,spiritomb,"ghost,dark","pressure,infiltrator",https://raw.githubusercontent.com/PokeAPI/sprites/master/sprites/pokemon/other/official-artwork/442.png,50,92,108,92,108,35,,FALSE,,,,,,,,,,,FALSE,,,,,,,,,,
443,gible,"dragon,ground","sand-veil,rough-skin",https://raw.githubusercontent.com/PokeAPI/sprites/master/sprites/pokemon/other/official-artwork/443.png,58,70,45,40,45,42,,FALSE,,,,,,,,,,,FALSE,,,,,,,,,,
444,gabite,"dragon,ground","sand-veil,rough-skin",https://raw.githubusercontent.com/PokeAPI/sprites/master/sprites/pokemon/other/official-artwork/444.png,68,90,65,50,55,82,,FALSE,,,,,,,,,,,FALSE,,,,,,,,,,
445,garchomp,"dragon,ground","sand-veil,rough-skin",https://raw.githubusercontent.com/PokeAPI/sprites/master/sprites/pokemon/other/official-artwork/445.png,108,130,95,80,85,102,,TRUE,garchomp-mega,https://raw.githubusercontent.com/PokeAPI/sprites/master/sprites/pokemon/other/official-artwork/10058.png,"dragon,ground",sand-force,108,170,115,120,95,92,FALSE,,,,,,,,,,
446,munchlax,normal,"pickup,thick-fat,gluttony",https://raw.githubusercontent.com/PokeAPI/sprites/master/sprites/pokemon/other/official-artwork/446.png,135,85,40,40,85,5,,FALSE,,,,,,,,,,,FALSE,,,,,,,,,,
447,riolu,fighting,"steadfast,inner-focus,prankster",https://raw.githubusercontent.com/PokeAPI/sprites/master/sprites/pokemon/other/official-artwork/447.png,40,70,40,35,40,60,,FALSE,,,,,,,,,,,FALSE,,,,,,,,,,
448,lucario,"fighting,steel","steadfast,inner-focus,justified",https://raw.githubusercontent.com/PokeAPI/sprites/master/sprites/pokemon/other/official-artwork/448.png,70,110,70,115,70,90,,TRUE,lucario-mega,https://raw.githubusercontent.com/PokeAPI/sprites/master/sprites/pokemon/other/official-artwork/10059.png,"fighting,steel",adaptability,70,145,88,140,70,112,FALSE,,,,,,,,,,
449,hippopotas,ground,"sand-stream,sand-force",https://raw.githubusercontent.com/PokeAPI/sprites/master/sprites/pokemon/other/official-artwork/449.png,68,72,78,38,42,32,,FALSE,,,,,,,,,,,FALSE,,,,,,,,,,
450,hippowdon,ground,"sand-stream,sand-force",https://raw.githubusercontent.com/PokeAPI/sprites/master/sprites/pokemon/other/official-artwork/450.png,108,112,118,68,72,47,,FALSE,,,,,,,,,,,FALSE,,,,,,,,,,
451,skorupi,"poison,bug","battle-armor,sniper,keen-eye",https://raw.githubusercontent.com/PokeAPI/sprites/master/sprites/pokemon/other/official-artwork/451.png,40,50,90,30,55,65,,FALSE,,,,,,,,,,,FALSE,,,,,,,,,,
452,drapion,"poison,dark","battle-armor,sniper,keen-eye",https://raw.githubusercontent.com/PokeAPI/sprites/master/sprites/pokemon/other/official-artwork/452.png,70,90,110,60,75,95,,FALSE,,,,,,,,,,,FALSE,,,,,,,,,,
453,croagunk,"poison,fighting","anticipation,dry-skin,poison-touch",https://raw.githubusercontent.com/PokeAPI/sprites/master/sprites/pokemon/other/official-artwork/453.png,48,61,40,61,40,50,,FALSE,,,,,,,,,,,FALSE,,,,,,,,,,
454,toxicroak,"poison,fighting","anticipation,dry-skin,poison-touch",https://raw.githubusercontent.com/PokeAPI/sprites/master/sprites/pokemon/other/official-artwork/454.png,83,106,65,86,65,85,,FALSE,,,,,,,,,,,FALSE,,,,,,,,,,
455,carnivine,grass,levitate,https://raw.githubusercontent.com/PokeAPI/sprites/master/sprites/pokemon/other/official-artwork/455.png,74,100,72,90,72,46,,FALSE,,,,,,,,,,,FALSE,,,,,,,,,,
456,finneon,water,"swift-swim,storm-drain,water-veil",https://raw.githubusercontent.com/PokeAPI/sprites/master/sprites/pokemon/other/official-artwork/456.png,49,49,56,49,61,66,,FALSE,,,,,,,,,,,FALSE,,,,,,,,,,
457,lumineon,water,"swift-swim,storm-drain,water-veil",https://raw.githubusercontent.com/PokeAPI/sprites/master/sprites/pokemon/other/official-artwork/457.png,69,69,76,69,86,91,,FALSE,,,,,,,,,,,FALSE,,,,,,,,,,
458,mantyke,"water,flying","swift-swim,water-absorb,water-veil",https://raw.githubusercontent.com/PokeAPI/sprites/master/sprites/pokemon/other/official-artwork/458.png,45,20,50,60,120,50,,FALSE,,,,,,,,,,,FALSE,,,,,,,,,,
459,snover,"grass,ice","snow-warning,soundproof",https://raw.githubusercontent.com/PokeAPI/sprites/master/sprites/pokemon/other/official-artwork/459.png,60,62,50,62,60,40,,FALSE,,,,,,,,,,,FALSE,,,,,,,,,,
460,abomasnow,"grass,ice","snow-warning,soundproof",https://raw.githubusercontent.com/PokeAPI/sprites/master/sprites/pokemon/other/official-artwork/460.png,90,92,75,92,85,60,,TRUE,abomasnow-mega,https://raw.githubusercontent.com/PokeAPI/sprites/master/sprites/pokemon/other/official-artwork/10060.png,"grass,ice",snow-warning,90,132,105,132,105,30,FALSE,,,,,,,,,,
461,weavile,"dark,ice","pressure,pickpocket",https://raw.githubusercontent.com/PokeAPI/sprites/master/sprites/pokemon/other/official-artwork/461.png,70,120,65,45,85,125,,FALSE,,,,,,,,,,,FALSE,,,,,,,,,,
462,magnezone,"electric,steel","magnet-pull,sturdy,analytic",https://raw.githubusercontent.com/PokeAPI/sprites/master/sprites/pokemon/other/official-artwork/462.png,70,70,115,130,90,60,,FALSE,,,,,,,,,,,FALSE,,,,,,,,,,
463,lickilicky,normal,"own-tempo,oblivious,cloud-nine",https://raw.githubusercontent.com/PokeAPI/sprites/master/sprites/pokemon/other/official-artwork/463.png,110,85,95,80,95,50,,FALSE,,,,,,,,,,,FALSE,,,,,,,,,,
464,rhyperior,"ground,rock","lightning-rod,solid-rock,reckless",https://raw.githubusercontent.com/PokeAPI/sprites/master/sprites/pokemon/other/official-artwork/464.png,115,140,130,55,55,40,,FALSE,,,,,,,,,,,FALSE,,,,,,,,,,
465,tangrowth,grass,"chlorophyll,leaf-guard,regenerator",https://raw.githubusercontent.com/PokeAPI/sprites/master/sprites/pokemon/other/official-artwork/465.png,100,100,125,110,50,50,,FALSE,,,,,,,,,,,FALSE,,,,,,,,,,
466,electivire,electric,"motor-drive,vital-spirit",https://raw.githubusercontent.com/PokeAPI/sprites/master/sprites/pokemon/other/official-artwork/466.png,75,123,67,95,85,95,,FALSE,,,,,,,,,,,FALSE,,,,,,,,,,
467,magmortar,fire,"flame-body,vital-spirit",https://raw.githubusercontent.com/PokeAPI/sprites/master/sprites/pokemon/other/official-artwork/467.png,75,95,67,125,95,83,,FALSE,,,,,,,,,,,FALSE,,,,,,,,,,
468,togekiss,"fairy,flying","hustle,serene-grace,super-luck",https://raw.githubusercontent.com/PokeAPI/sprites/master/sprites/pokemon/other/official-artwork/468.png,85,50,95,120,115,80,,FALSE,,,,,,,,,,,FALSE,,,,,,,,,,
469,yanmega,"bug,flying","speed-boost,tinted-lens,frisk",https://raw.githubusercontent.com/PokeAPI/sprites/master/sprites/pokemon/other/official-artwork/469.png,86,76,86,116,56,95,,FALSE,,,,,,,,,,,FALSE,,,,,,,,,,
470,leafeon,grass,"leaf-guard,chlorophyll",https://raw.githubusercontent.com/PokeAPI/sprites/master/sprites/pokemon/other/official-artwork/470.png,65,110,130,60,65,95,,FALSE,,,,,,,,,,,FALSE,,,,,,,,,,
471,glaceon,ice,"snow-cloak,ice-body",https://raw.githubusercontent.com/PokeAPI/sprites/master/sprites/pokemon/other/official-artwork/471.png,65,60,110,130,95,65,,FALSE,,,,,,,,,,,FALSE,,,,,,,,,,
472,gliscor,"ground,flying","hyper-cutter,sand-veil,poison-heal",https://raw.githubusercontent.com/PokeAPI/sprites/master/sprites/pokemon/other/official-artwork/472.png,75,95,125,45,75,95,,FALSE,,,,,,,,,,,FALSE,,,,,,,,,,
473,mamoswine,"ice,ground","oblivious,snow-cloak,thick-fat",https://raw.githubusercontent.com/PokeAPI/sprites/master/sprites/pokemon/other/official-artwork/473.png,110,130,80,70,60,80,,FALSE,,,,,,,,,,,FALSE,,,,,,,,,,
474,porygon-z,normal,"adaptability,download,analytic",https://raw.githubusercontent.com/PokeAPI/sprites/master/sprites/pokemon/other/official-artwork/474.png,85,80,70,135,75,90,,FALSE,,,,,,,,,,,FALSE,,,,,,,,,,
475,gallade,"psychic,fighting","steadfast,sharpness,justified",https://raw.githubusercontent.com/PokeAPI/sprites/master/sprites/pokemon/other/official-artwork/475.png,68,125,65,65,115,80,,TRUE,gallade-mega,https://raw.githubusercontent.com/PokeAPI/sprites/master/sprites/pokemon/other/official-artwork/10068.png,"psychic,fighting",inner-focus,68,165,95,65,115,110,FALSE,,,,,,,,,,
476,probopass,"rock,steel","sturdy,magnet-pull,sand-force",https://raw.githubusercontent.com/PokeAPI/sprites/master/sprites/pokemon/other/official-artwork/476.png,60,55,145,75,150,40,,FALSE,,,,,,,,,,,FALSE,,,,,,,,,,
477,dusknoir,ghost,"pressure,frisk",https://raw.githubusercontent.com/PokeAPI/sprites/master/sprites/pokemon/other/official-artwork/477.png,45,100,135,65,135,45,,FALSE,,,,,,,,,,,FALSE,,,,,,,,,,
478,froslass,"ice,ghost","snow-cloak,cursed-body",https://raw.githubusercontent.com/PokeAPI/sprites/master/sprites/pokemon/other/official-artwork/478.png,70,80,70,80,70,110,,FALSE,,,,,,,,,,,FALSE,,,,,,,,,,
479,rotom,"electric,ghost",levitate,https://raw.githubusercontent.com/PokeAPI/sprites/master/sprites/pokemon/other/official-artwork/479.png,50,50,77,95,77,91,,FALSE,,,,,,,,,,,FALSE,,,,,,,,,,
480,uxie,psychic,levitate,https://raw.githubusercontent.com/PokeAPI/sprites/master/sprites/pokemon/other/official-artwork/480.png,75,75,130,75,130,95,Sub-Legendary,FALSE,,,,,,,,,,,FALSE,,,,,,,,,,
481,mesprit,psychic,levitate,https://raw.githubusercontent.com/PokeAPI/sprites/master/sprites/pokemon/other/official-artwork/481.png,80,105,105,105,105,80,Sub-Legendary,FALSE,,,,,,,,,,,FALSE,,,,,,,,,,
482,azelf,psychic,levitate,https://raw.githubusercontent.com/PokeAPI/sprites/master/sprites/pokemon/other/official-artwork/482.png,75,125,70,125,70,115,Sub-Legendary,FALSE,,,,,,,,,,,FALSE,,,,,,,,,,
483,dialga,"steel,dragon","pressure,telepathy",https://raw.githubusercontent.com/PokeAPI/sprites/master/sprites/pokemon/other/official-artwork/483.png,100,120,120,150,100,90,Legendary,FALSE,,,,,,,,,,,FALSE,,,,,,,,,,
484,palkia,"water,dragon","pressure,telepathy",https://raw.githubusercontent.com/PokeAPI/sprites/master/sprites/pokemon/other/official-artwork/484.png,90,120,100,150,120,100,Legendary,FALSE,,,,,,,,,,,FALSE,,,,,,,,,,
485,heatran,"fire,steel","flash-fire,flame-body",https://raw.githubusercontent.com/PokeAPI/sprites/master/sprites/pokemon/other/official-artwork/485.png,91,90,106,130,106,77,Sub-Legendary,FALSE,,,,,,,,,,,FALSE,,,,,,,,,,
486,regigigas,normal,slow-start,https://raw.githubusercontent.com/PokeAPI/sprites/master/sprites/pokemon/other/official-artwork/486.png,110,160,110,80,110,100,Sub-Legendary,FALSE,,,,,,,,,,,FALSE,,,,,,,,,,
487,giratina-altered,"ghost,dragon","pressure,telepathy",https://raw.githubusercontent.com/PokeAPI/sprites/master/sprites/pokemon/other/official-artwork/487.png,150,100,120,100,120,90,Legendary,FALSE,,,,,,,,,,,FALSE,,,,,,,,,,
488,cresselia,psychic,levitate,https://raw.githubusercontent.com/PokeAPI/sprites/master/sprites/pokemon/other/official-artwork/488.png,120,70,110,75,120,85,Sub-Legendary,FALSE,,,,,,,,,,,FALSE,,,,,,,,,,
489,phione,water,hydration,https://raw.githubusercontent.com/PokeAPI/sprites/master/sprites/pokemon/other/official-artwork/489.png,80,80,80,80,80,80,Mythical,FALSE,,,,,,,,,,,FALSE,,,,,,,,,,
490,manaphy,water,hydration,https://raw.githubusercontent.com/PokeAPI/sprites/master/sprites/pokemon/other/official-artwork/490.png,100,100,100,100,100,100,Mythical,FALSE,,,,,,,,,,,FALSE,,,,,,,,,,
491,darkrai,dark,bad-dreams,https://raw.githubusercontent.com/PokeAPI/sprites/master/sprites/pokemon/other/official-artwork/491.png,70,90,90,135,90,125,Mythical,FALSE,,,,,,,,,,,FALSE,,,,,,,,,,
492,shaymin-land,grass,natural-cure,https://raw.githubusercontent.com/PokeAPI/sprites/master/sprites/pokemon/other/official-artwork/492.png,100,100,100,100,100,100,Mythical,FALSE,,,,,,,,,,,FALSE,,,,,,,,,,
493,arceus,normal,multitype,https://raw.githubusercontent.com/PokeAPI/sprites/master/sprites/pokemon/other/official-artwork/493.png,120,120,120,120,120,120,Mythical,FALSE,,,,,,,,,,,FALSE,,,,,,,,,,
494,victini,"psychic,fire",victory-star,https://raw.githubusercontent.com/PokeAPI/sprites/master/sprites/pokemon/other/official-artwork/494.png,100,100,100,100,100,100,Mythical,FALSE,,,,,,,,,,,FALSE,,,,,,,,,,
495,snivy,grass,"overgrow,contrary",https://raw.githubusercontent.com/PokeAPI/sprites/master/sprites/pokemon/other/official-artwork/495.png,45,45,55,45,55,63,,FALSE,,,,,,,,,,,FALSE,,,,,,,,,,
496,servine,grass,"overgrow,contrary",https://raw.githubusercontent.com/PokeAPI/sprites/master/sprites/pokemon/other/official-artwork/496.png,60,60,75,60,75,83,,FALSE,,,,,,,,,,,FALSE,,,,,,,,,,
497,serperior,grass,"overgrow,contrary",https://raw.githubusercontent.com/PokeAPI/sprites/master/sprites/pokemon/other/official-artwork/497.png,75,75,95,75,95,113,,FALSE,,,,,,,,,,,FALSE,,,,,,,,,,
498,tepig,fire,"blaze,thick-fat",https://raw.githubusercontent.com/PokeAPI/sprites/master/sprites/pokemon/other/official-artwork/498.png,65,63,45,45,45,45,,FALSE,,,,,,,,,,,FALSE,,,,,,,,,,
499,pignite,"fire,fighting","blaze,thick-fat",https://raw.githubusercontent.com/PokeAPI/sprites/master/sprites/pokemon/other/official-artwork/499.png,90,93,55,70,55,55,,FALSE,,,,,,,,,,,FALSE,,,,,,,,,,
500,emboar,"fire,fighting","blaze,reckless",https://raw.githubusercontent.com/PokeAPI/sprites/master/sprites/pokemon/other/official-artwork/500.png,110,123,65,100,65,65,,FALSE,,,,,,,,,,,FALSE,,,,,,,,,,
501,oshawott,water,"torrent,shell-armor",https://raw.githubusercontent.com/PokeAPI/sprites/master/sprites/pokemon/other/official-artwork/501.png,55,55,45,63,45,45,,FALSE,,,,,,,,,,,FALSE,,,,,,,,,,
502,dewott,water,"torrent,shell-armor",https://raw.githubusercontent.com/PokeAPI/sprites/master/sprites/pokemon/other/official-artwork/502.png,75,75,60,83,60,60,,FALSE,,,,,,,,,,,FALSE,,,,,,,,,,
503,samurott,water,"torrent,shell-armor",https://raw.githubusercontent.com/PokeAPI/sprites/master/sprites/pokemon/other/official-artwork/503.png,95,100,85,108,70,70,,FALSE,,,,,,,,,,,FALSE,,,,,,,,,,
504,patrat,normal,"run-away,keen-eye,analytic",https://raw.githubusercontent.com/PokeAPI/sprites/master/sprites/pokemon/other/official-artwork/504.png,45,55,39,35,39,42,,FALSE,,,,,,,,,,,FALSE,,,,,,,,,,
505,watchog,normal,"illuminate,keen-eye,analytic",https://raw.githubusercontent.com/PokeAPI/sprites/master/sprites/pokemon/other/official-artwork/505.png,60,85,69,60,69,77,,FALSE,,,,,,,,,,,FALSE,,,,,,,,,,
506,lillipup,normal,"vital-spirit,pickup,run-away",https://raw.githubusercontent.com/PokeAPI/sprites/master/sprites/pokemon/other/official-artwork/506.png,45,60,45,25,45,55,,FALSE,,,,,,,,,,,FALSE,,,,,,,,,,
507,herdier,normal,"intimidate,sand-rush,scrappy",https://raw.githubusercontent.com/PokeAPI/sprites/master/sprites/pokemon/other/official-artwork/507.png,65,80,65,35,65,60,,FALSE,,,,,,,,,,,FALSE,,,,,,,,,,
508,stoutland,normal,"intimidate,sand-rush,scrappy",https://raw.githubusercontent.com/PokeAPI/sprites/master/sprites/pokemon/other/official-artwork/508.png,85,110,90,45,90,80,,FALSE,,,,,,,,,,,FALSE,,,,,,,,,,
509,purrloin,dark,"limber,unburden,prankster",https://raw.githubusercontent.com/PokeAPI/sprites/master/sprites/pokemon/other/official-artwork/509.png,41,50,37,50,37,66,,FALSE,,,,,,,,,,,FALSE,,,,,,,,,,
510,liepard,dark,"limber,unburden,prankster",https://raw.githubusercontent.com/PokeAPI/sprites/master/sprites/pokemon/other/official-artwork/510.png,64,88,50,88,50,106,,FALSE,,,,,,,,,,,FALSE,,,,,,,,,,
511,pansage,grass,"gluttony,overgrow",https://raw.githubusercontent.com/PokeAPI/sprites/master/sprites/pokemon/other/official-artwork/511.png,50,53,48,53,48,64,,FALSE,,,,,,,,,,,FALSE,,,,,,,,,,
512,simisage,grass,"gluttony,overgrow",https://raw.githubusercontent.com/PokeAPI/sprites/master/sprites/pokemon/other/official-artwork/512.png,75,98,63,98,63,101,,FALSE,,,,,,,,,,,FALSE,,,,,,,,,,
513,pansear,fire,"gluttony,blaze",https://raw.githubusercontent.com/PokeAPI/sprites/master/sprites/pokemon/other/official-artwork/513.png,50,53,48,53,48,64,,FALSE,,,,,,,,,,,FALSE,,,,,,,,,,
514,simisear,fire,"gluttony,blaze",https://raw.githubusercontent.com/PokeAPI/sprites/master/sprites/pokemon/other/official-artwork/514.png,75,98,63,98,63,101,,FALSE,,,,,,,,,,,FALSE,,,,,,,,,,
515,panpour,water,"gluttony,torrent",https://raw.githubusercontent.com/PokeAPI/sprites/master/sprites/pokemon/other/official-artwork/515.png,50,53,48,53,48,64,,FALSE,,,,,,,,,,,FALSE,,,,,,,,,,
516,simipour,water,"gluttony,torrent",https://raw.githubusercontent.com/PokeAPI/sprites/master/sprites/pokemon/other/official-artwork/516.png,75,98,63,98,63,101,,FALSE,,,,,,,,,,,FALSE,,,,,,,,,,
517,munna,psychic,"forewarn,synchronize,telepathy",https://raw.githubusercontent.com/PokeAPI/sprites/master/sprites/pokemon/other/official-artwork/517.png,76,25,45,67,55,24,,FALSE,,,,,,,,,,,FALSE,,,,,,,,,,
518,musharna,psychic,"forewarn,synchronize,telepathy",https://raw.githubusercontent.com/PokeAPI/sprites/master/sprites/pokemon/other/official-artwork/518.png,116,55,85,107,95,29,,FALSE,,,,,,,,,,,FALSE,,,,,,,,,,
519,pidove,"normal,flying","big-pecks,super-luck,rivalry",https://raw.githubusercontent.com/PokeAPI/sprites/master/sprites/pokemon/other/official-artwork/519.png,50,55,50,36,30,43,,FALSE,,,,,,,,,,,FALSE,,,,,,,,,,
520,tranquill,"normal,flying","big-pecks,super-luck,rivalry",https://raw.githubusercontent.com/PokeAPI/sprites/master/sprites/pokemon/other/official-artwork/520.png,62,77,62,50,42,65,,FALSE,,,,,,,,,,,FALSE,,,,,,,,,,
521,unfezant,"normal,flying","big-pecks,super-luck,rivalry",https://raw.githubusercontent.com/PokeAPI/sprites/master/sprites/pokemon/other/official-artwork/521.png,80,115,80,65,55,93,,FALSE,,,,,,,,,,,FALSE,,,,,,,,,,
522,blitzle,electric,"lightning-rod,motor-drive,sap-sipper",https://raw.githubusercontent.com/PokeAPI/sprites/master/sprites/pokemon/other/official-artwork/522.png,45,60,32,50,32,76,,FALSE,,,,,,,,,,,FALSE,,,,,,,,,,
523,zebstrika,electric,"lightning-rod,motor-drive,sap-sipper",https://raw.githubusercontent.com/PokeAPI/sprites/master/sprites/pokemon/other/official-artwork/523.png,75,100,63,80,63,116,,FALSE,,,,,,,,,,,FALSE,,,,,,,,,,
524,roggenrola,rock,"sturdy,weak-armor,sand-force",https://raw.githubusercontent.com/PokeAPI/sprites/master/sprites/pokemon/other/official-artwork/524.png,55,75,85,25,25,15,,FALSE,,,,,,,,,,,FALSE,,,,,,,,,,
525,boldore,rock,"sturdy,weak-armor,sand-force",https://raw.githubusercontent.com/PokeAPI/sprites/master/sprites/pokemon/other/official-artwork/525.png,70,105,105,50,40,20,,FALSE,,,,,,,,,,,FALSE,,,,,,,,,,
526,gigalith,rock,"sturdy,sand-stream,sand-force",https://raw.githubusercontent.com/PokeAPI/sprites/master/sprites/pokemon/other/official-artwork/526.png,85,135,130,60,80,25,,FALSE,,,,,,,,,,,FALSE,,,,,,,,,,
527,woobat,"psychic,flying","unaware,klutz,simple",https://raw.githubusercontent.com/PokeAPI/sprites/master/sprites/pokemon/other/official-artwork/527.png,65,45,43,55,43,72,,FALSE,,,,,,,,,,,FALSE,,,,,,,,,,
528,swoobat,"psychic,flying","unaware,klutz,simple",https://raw.githubusercontent.com/PokeAPI/sprites/master/sprites/pokemon/other/official-artwork/528.png,67,57,55,77,55,114,,FALSE,,,,,,,,,,,FALSE,,,,,,,,,,
529,drilbur,ground,"sand-rush,sand-force,mold-breaker",https://raw.githubusercontent.com/PokeAPI/sprites/master/sprites/pokemon/other/official-artwork/529.png,60,85,40,30,45,68,,FALSE,,,,,,,,,,,FALSE,,,,,,,,,,
530,excadrill,"ground,steel","sand-rush,sand-force,mold-breaker",https://raw.githubusercontent.com/PokeAPI/sprites/master/sprites/pokemon/other/official-artwork/530.png,110,135,60,50,65,88,,FALSE,,,,,,,,,,,FALSE,,,,,,,,,,
531,audino,normal,"healer,regenerator,klutz",https://raw.githubusercontent.com/PokeAPI/sprites/master/sprites/pokemon/other/official-artwork/531.png,103,60,86,60,86,50,,TRUE,audino-mega,https://raw.githubusercontent.com/PokeAPI/sprites/master/sprites/pokemon/other/official-artwork/10069.png,"normal,fairy",healer,103,60,126,80,126,50,FALSE,,,,,,,,,,
532,timburr,fighting,"guts,sheer-force,iron-fist",https://raw.githubusercontent.com/PokeAPI/sprites/master/sprites/pokemon/other/official-artwork/532.png,75,80,55,25,35,35,,FALSE,,,,,,,,,,,FALSE,,,,,,,,,,
533,gurdurr,fighting,"guts,sheer-force,iron-fist",https://raw.githubusercontent.com/PokeAPI/sprites/master/sprites/pokemon/other/official-artwork/533.png,85,105,85,40,50,40,,FALSE,,,,,,,,,,,FALSE,,,,,,,,,,
534,conkeldurr,fighting,"guts,sheer-force,iron-fist",https://raw.githubusercontent.com/PokeAPI/sprites/master/sprites/pokemon/other/official-artwork/534.png,105,140,95,55,65,45,,FALSE,,,,,,,,,,,FALSE,,,,,,,,,,
535,tympole,water,"swift-swim,hydration,water-absorb",https://raw.githubusercontent.com/PokeAPI/sprites/master/sprites/pokemon/other/official-artwork/535.png,50,50,40,50,40,64,,FALSE,,,,,,,,,,,FALSE,,,,,,,,,,
536,palpitoad,"water,ground","swift-swim,hydration,water-absorb",https://raw.githubusercontent.com/PokeAPI/sprites/master/sprites/pokemon/other/official-artwork/536.png,75,65,55,65,55,69,,FALSE,,,,,,,,,,,FALSE,,,,,,,,,,
537,seismitoad,"water,ground","swift-swim,poison-touch,water-absorb",https://raw.githubusercontent.com/PokeAPI/sprites/master/sprites/pokemon/other/official-artwork/537.png,105,95,75,85,75,74,,FALSE,,,,,,,,,,,FALSE,,,,,,,,,,
538,throh,fighting,"guts,inner-focus,mold-breaker",https://raw.githubusercontent.com/PokeAPI/sprites/master/sprites/pokemon/other/official-artwork/538.png,120,100,85,30,85,45,,FALSE,,,,,,,,,,,FALSE,,,,,,,,,,
539,sawk,fighting,"sturdy,inner-focus,mold-breaker",https://raw.githubusercontent.com/PokeAPI/sprites/master/sprites/pokemon/other/official-artwork/539.png,75,125,75,30,75,85,,FALSE,,,,,,,,,,,FALSE,,,,,,,,,,
540,sewaddle,"bug,grass","swarm,chlorophyll,overcoat",https://raw.githubusercontent.com/PokeAPI/sprites/master/sprites/pokemon/other/official-artwork/540.png,45,53,70,40,60,42,,FALSE,,,,,,,,,,,FALSE,,,,,,,,,,
541,swadloon,"bug,grass","leaf-guard,chlorophyll,overcoat",https://raw.githubusercontent.com/PokeAPI/sprites/master/sprites/pokemon/other/official-artwork/541.png,55,63,90,50,80,42,,FALSE,,,,,,,,,,,FALSE,,,,,,,,,,
542,leavanny,"bug,grass","swarm,chlorophyll,overcoat",https://raw.githubusercontent.com/PokeAPI/sprites/master/sprites/pokemon/other/official-artwork/542.png,75,103,80,70,80,92,,FALSE,,,,,,,,,,,FALSE,,,,,,,,,,
543,venipede,"bug,poison","poison-point,swarm,speed-boost",https://raw.githubusercontent.com/PokeAPI/sprites/master/sprites/pokemon/other/official-artwork/543.png,30,45,59,30,39,57,,FALSE,,,,,,,,,,,FALSE,,,,,,,,,,
544,whirlipede,"bug,poison","poison-point,swarm,speed-boost",https://raw.githubusercontent.com/PokeAPI/sprites/master/sprites/pokemon/other/official-artwork/544.png,40,55,99,40,79,47,,FALSE,,,,,,,,,,,FALSE,,,,,,,,,,
545,scolipede,"bug,poison","poison-point,swarm,speed-boost",https://raw.githubusercontent.com/PokeAPI/sprites/master/sprites/pokemon/other/official-artwork/545.png,60,100,89,55,69,112,,FALSE,,,,,,,,,,,FALSE,,,,,,,,,,
546,cottonee,"grass,fairy","prankster,infiltrator,chlorophyll",https://raw.githubusercontent.com/PokeAPI/sprites/master/sprites/pokemon/other/official-artwork/546.png,40,27,60,37,50,66,,FALSE,,,,,,,,,,,FALSE,,,,,,,,,,
547,whimsicott,"grass,fairy","prankster,infiltrator,chlorophyll",https://raw.githubusercontent.com/PokeAPI/sprites/master/sprites/pokemon/other/official-artwork/547.png,60,67,85,77,75,116,,FALSE,,,,,,,,,,,FALSE,,,,,,,,,,
548,petilil,grass,"chlorophyll,own-tempo,leaf-guard",https://raw.githubusercontent.com/PokeAPI/sprites/master/sprites/pokemon/other/official-artwork/548.png,45,35,50,70,50,30,,FALSE,,,,,,,,,,,FALSE,,,,,,,,,,
549,lilligant,grass,"chlorophyll,own-tempo,leaf-guard",https://raw.githubusercontent.com/PokeAPI/sprites/master/sprites/pokemon/other/official-artwork/549.png,70,60,75,110,75,90,,FALSE,,,,,,,,,,,FALSE,,,,,,,,,,
550,basculin-red-striped,water,"reckless,adaptability,mold-breaker",https://raw.githubusercontent.com/PokeAPI/sprites/master/sprites/pokemon/other/official-artwork/550.png,70,92,65,80,55,98,,FALSE,,,,,,,,,,,FALSE,,,,,,,,,,
551,sandile,"ground,dark","intimidate,moxie,anger-point",https://raw.githubusercontent.com/PokeAPI/sprites/master/sprites/pokemon/other/official-artwork/551.png,50,72,35,35,35,65,,FALSE,,,,,,,,,,,FALSE,,,,,,,,,,
552,krokorok,"ground,dark","intimidate,moxie,anger-point",https://raw.githubusercontent.com/PokeAPI/sprites/master/sprites/pokemon/other/official-artwork/552.png,60,82,45,45,45,74,,FALSE,,,,,,,,,,,FALSE,,,,,,,,,,
553,krookodile,"ground,dark","intimidate,moxie,anger-point",https://raw.githubusercontent.com/PokeAPI/sprites/master/sprites/pokemon/other/official-artwork/553.png,95,117,80,65,70,92,,FALSE,,,,,,,,,,,FALSE,,,,,,,,,,
554,darumaka,fire,"hustle,inner-focus",https://raw.githubusercontent.com/PokeAPI/sprites/master/sprites/pokemon/other/official-artwork/554.png,70,90,45,15,45,50,,FALSE,,,,,,,,,,,FALSE,,,,,,,,,,
555,darmanitan-standard,fire,"sheer-force,zen-mode",https://raw.githubusercontent.com/PokeAPI/sprites/master/sprites/pokemon/other/official-artwork/555.png,105,140,55,30,55,95,,FALSE,,,,,,,,,,,FALSE,,,,,,,,,,
556,maractus,grass,"water-absorb,chlorophyll,storm-drain",https://raw.githubusercontent.com/PokeAPI/sprites/master/sprites/pokemon/other/official-artwork/556.png,75,86,67,106,67,60,,FALSE,,,,,,,,,,,FALSE,,,,,,,,,,
557,dwebble,"bug,rock","sturdy,shell-armor,weak-armor",https://raw.githubusercontent.com/PokeAPI/sprites/master/sprites/pokemon/other/official-artwork/557.png,50,65,85,35,35,55,,FALSE,,,,,,,,,,,FALSE,,,,,,,,,,
558,crustle,"bug,rock","sturdy,shell-armor,weak-armor",https://raw.githubusercontent.com/PokeAPI/sprites/master/sprites/pokemon/other/official-artwork/558.png,70,105,125,65,75,45,,FALSE,,,,,,,,,,,FALSE,,,,,,,,,,
559,scraggy,"dark,fighting","shed-skin,moxie,intimidate",https://raw.githubusercontent.com/PokeAPI/sprites/master/sprites/pokemon/other/official-artwork/559.png,50,75,70,35,70,48,,FALSE,,,,,,,,,,,FALSE,,,,,,,,,,
560,scrafty,"dark,fighting","shed-skin,moxie,intimidate",https://raw.githubusercontent.com/PokeAPI/sprites/master/sprites/pokemon/other/official-artwork/560.png,65,90,115,45,115,58,,FALSE,,,,,,,,,,,FALSE,,,,,,,,,,
561,sigilyph,"psychic,flying","wonder-skin,magic-guard,tinted-lens",https://raw.githubusercontent.com/PokeAPI/sprites/master/sprites/pokemon/other/official-artwork/561.png,72,58,80,103,80,97,,FALSE,,,,,,,,,,,FALSE,,,,,,,,,,
562,yamask,ghost,mummy,https://raw.githubusercontent.com/PokeAPI/sprites/master/sprites/pokemon/other/official-artwork/562.png,38,30,85,55,65,30,,FALSE,,,,,,,,,,,FALSE,,,,,,,,,,
563,cofagrigus,ghost,mummy,https://raw.githubusercontent.com/PokeAPI/sprites/master/sprites/pokemon/other/official-artwork/563.png,58,50,145,95,105,30,,FALSE,,,,,,,,,,,FALSE,,,,,,,,,,
564,tirtouga,"water,rock","solid-rock,sturdy,swift-swim",https://raw.githubusercontent.com/PokeAPI/sprites/master/sprites/pokemon/other/official-artwork/564.png,54,78,103,53,45,22,,FALSE,,,,,,,,,,,FALSE,,,,,,,,,,
565,carracosta,"water,rock","solid-rock,sturdy,swift-swim",https://raw.githubusercontent.com/PokeAPI/sprites/master/sprites/pokemon/other/official-artwork/565.png,74,108,133,83,65,32,,FALSE,,,,,,,,,,,FALSE,,,,,,,,,,
566,archen,"rock,flying",defeatist,https://raw.githubusercontent.com/PokeAPI/sprites/master/sprites/pokemon/other/official-artwork/566.png,55,112,45,74,45,70,,FALSE,,,,,,,,,,,FALSE,,,,,,,,,,
567,archeops,"rock,flying",defeatist,https://raw.githubusercontent.com/PokeAPI/sprites/master/sprites/pokemon/other/official-artwork/567.png,75,140,65,112,65,110,,FALSE,,,,,,,,,,,FALSE,,,,,,,,,,
568,trubbish,poison,"stench,sticky-hold,aftermath",https://raw.githubusercontent.com/PokeAPI/sprites/master/sprites/pokemon/other/official-artwork/568.png,50,50,62,40,62,65,,FALSE,,,,,,,,,,,FALSE,,,,,,,,,,
569,garbodor,poison,"stench,weak-armor,aftermath",https://raw.githubusercontent.com/PokeAPI/sprites/master/sprites/pokemon/other/official-artwork/569.png,80,95,82,60,82,75,,FALSE,,,,,,,,,,,FALSE,,,,,,,,,,
570,zorua,dark,illusion,https://raw.githubusercontent.com/PokeAPI/sprites/master/sprites/pokemon/other/official-artwork/570.png,40,65,40,80,40,65,,FALSE,,,,,,,,,,,FALSE,,,,,,,,,,
571,zoroark,dark,illusion,https://raw.githubusercontent.com/PokeAPI/sprites/master/sprites/pokemon/other/official-artwork/571.png,60,105,60,120,60,105,,FALSE,,,,,,,,,,,FALSE,,,,,,,,,,
572,minccino,normal,"cute-charm,technician,skill-link",https://raw.githubusercontent.com/PokeAPI/sprites/master/sprites/pokemon/other/official-artwork/572.png,55,50,40,40,40,75,,FALSE,,,,,,,,,,,FALSE,,,,,,,,,,
573,cinccino,normal,"cute-charm,technician,skill-link",https://raw.githubusercontent.com/PokeAPI/sprites/master/sprites/pokemon/other/official-artwork/573.png,75,95,60,65,60,115,,FALSE,,,,,,,,,,,FALSE,,,,,,,,,,
574,gothita,psychic,"frisk,competitive,shadow-tag",https://raw.githubusercontent.com/PokeAPI/sprites/master/sprites/pokemon/other/official-artwork/574.png,45,30,50,55,65,45,,FALSE,,,,,,,,,,,FALSE,,,,,,,,,,
575,gothorita,psychic,"frisk,competitive,shadow-tag",https://raw.githubusercontent.com/PokeAPI/sprites/master/sprites/pokemon/other/official-artwork/575.png,60,45,70,75,85,55,,FALSE,,,,,,,,,,,FALSE,,,,,,,,,,
576,gothitelle,psychic,"frisk,competitive,shadow-tag",https://raw.githubusercontent.com/PokeAPI/sprites/master/sprites/pokemon/other/official-artwork/576.png,70,55,95,95,110,65,,FALSE,,,,,,,,,,,FALSE,,,,,,,,,,
577,solosis,psychic,"overcoat,magic-guard,regenerator",https://raw.githubusercontent.com/PokeAPI/sprites/master/sprites/pokemon/other/official-artwork/577.png,45,30,40,105,50,20,,FALSE,,,,,,,,,,,FALSE,,,,,,,,,,
578,duosion,psychic,"overcoat,magic-guard,regenerator",https://raw.githubusercontent.com/PokeAPI/sprites/master/sprites/pokemon/other/official-artwork/578.png,65,40,50,125,60,30,,FALSE,,,,,,,,,,,FALSE,,,,,,,,,,
579,reuniclus,psychic,"overcoat,magic-guard,regenerator",https://raw.githubusercontent.com/PokeAPI/sprites/master/sprites/pokemon/other/official-artwork/579.png,110,65,75,125,85,30,,FALSE,,,,,,,,,,,FALSE,,,,,,,,,,
580,ducklett,"water,flying","keen-eye,big-pecks,hydration",https://raw.githubusercontent.com/PokeAPI/sprites/master/sprites/pokemon/other/official-artwork/580.png,62,44,50,44,50,55,,FALSE,,,,,,,,,,,FALSE,,,,,,,,,,
581,swanna,"water,flying","keen-eye,big-pecks,hydration",https://raw.githubusercontent.com/PokeAPI/sprites/master/sprites/pokemon/other/official-artwork/581.png,75,87,63,87,63,98,,FALSE,,,,,,,,,,,FALSE,,,,,,,,,,
582,vanillite,ice,"ice-body,snow-cloak,weak-armor",https://raw.githubusercontent.com/PokeAPI/sprites/master/sprites/pokemon/other/official-artwork/582.png,36,50,50,65,60,44,,FALSE,,,,,,,,,,,FALSE,,,,,,,,,,
583,vanillish,ice,"ice-body,snow-cloak,weak-armor",https://raw.githubusercontent.com/PokeAPI/sprites/master/sprites/pokemon/other/official-artwork/583.png,51,65,65,80,75,59,,FALSE,,,,,,,,,,,FALSE,,,,,,,,,,
584,vanilluxe,ice,"ice-body,snow-warning,weak-armor",https://raw.githubusercontent.com/PokeAPI/sprites/master/sprites/pokemon/other/official-artwork/584.png,71,95,85,110,95,79,,FALSE,,,,,,,,,,,FALSE,,,,,,,,,,
585,deerling,"normal,grass","chlorophyll,sap-sipper,serene-grace",https://raw.githubusercontent.com/PokeAPI/sprites/master/sprites/pokemon/other/official-artwork/585.png,60,60,50,40,50,75,,FALSE,,,,,,,,,,,FALSE,,,,,,,,,,
586,sawsbuck,"normal,grass","chlorophyll,sap-sipper,serene-grace",https://raw.githubusercontent.com/PokeAPI/sprites/master/sprites/pokemon/other/official-artwork/586.png,80,100,70,60,70,95,,FALSE,,,,,,,,,,,FALSE,,,,,,,,,,
587,emolga,"electric,flying","static,motor-drive",https://raw.githubusercontent.com/PokeAPI/sprites/master/sprites/pokemon/other/official-artwork/587.png,55,75,60,75,60,103,,FALSE,,,,,,,,,,,FALSE,,,,,,,,,,
588,karrablast,bug,"swarm,shed-skin,no-guard",https://raw.githubusercontent.com/PokeAPI/sprites/master/sprites/pokemon/other/official-artwork/588.png,50,75,45,40,45,60,,FALSE,,,,,,,,,,,FALSE,,,,,,,,,,
589,escavalier,"bug,steel","swarm,shell-armor,overcoat",https://raw.githubusercontent.com/PokeAPI/sprites/master/sprites/pokemon/other/official-artwork/589.png,70,135,105,60,105,20,,FALSE,,,,,,,,,,,FALSE,,,,,,,,,,
590,foongus,"grass,poison","effect-spore,regenerator",https://raw.githubusercontent.com/PokeAPI/sprites/master/sprites/pokemon/other/official-artwork/590.png,69,55,45,55,55,15,,FALSE,,,,,,,,,,,FALSE,,,,,,,,,,
591,amoonguss,"grass,poison","effect-spore,regenerator",https://raw.githubusercontent.com/PokeAPI/sprites/master/sprites/pokemon/other/official-artwork/591.png,114,85,70,85,80,30,,FALSE,,,,,,,,,,,FALSE,,,,,,,,,,
592,frillish,"water,ghost","water-absorb,cursed-body,damp",https://raw.githubusercontent.com/PokeAPI/sprites/master/sprites/pokemon/other/official-artwork/592.png,55,40,50,65,85,40,,FALSE,,,,,,,,,,,FALSE,,,,,,,,,,
593,jellicent,"water,ghost","water-absorb,cursed-body,damp",https://raw.githubusercontent.com/PokeAPI/sprites/master/sprites/pokemon/other/official-artwork/593.png,100,60,70,85,105,60,,FALSE,,,,,,,,,,,FALSE,,,,,,,,,,
594,alomomola,water,"healer,hydration,regenerator",https://raw.githubusercontent.com/PokeAPI/sprites/master/sprites/pokemon/other/official-artwork/594.png,165,75,80,40,45,65,,FALSE,,,,,,,,,,,FALSE,,,,,,,,,,
595,joltik,"bug,electric","compound-eyes,unnerve,swarm",https://raw.githubusercontent.com/PokeAPI/sprites/master/sprites/pokemon/other/official-artwork/595.png,50,47,50,57,50,65,,FALSE,,,,,,,,,,,FALSE,,,,,,,,,,
596,galvantula,"bug,electric","compound-eyes,unnerve,swarm",https://raw.githubusercontent.com/PokeAPI/sprites/master/sprites/pokemon/other/official-artwork/596.png,70,77,60,97,60,108,,FALSE,,,,,,,,,,,FALSE,,,,,,,,,,
597,ferroseed,"grass,steel",iron-barbs,https://raw.githubusercontent.com/PokeAPI/sprites/master/sprites/pokemon/other/official-artwork/597.png,44,50,91,24,86,10,,FALSE,,,,,,,,,,,FALSE,,,,,,,,,,
598,ferrothorn,"grass,steel","iron-barbs,anticipation",https://raw.githubusercontent.com/PokeAPI/sprites/master/sprites/pokemon/other/official-artwork/598.png,74,94,131,54,116,20,,FALSE,,,,,,,,,,,FALSE,,,,,,,,,,
599,klink,steel,"plus,minus,clear-body",https://raw.githubusercontent.com/PokeAPI/sprites/master/sprites/pokemon/other/official-artwork/599.png,40,55,70,45,60,30,,FALSE,,,,,,,,,,,FALSE,,,,,,,,,,
600,klang,steel,"plus,minus,clear-body",https://raw.githubusercontent.com/PokeAPI/sprites/master/sprites/pokemon/other/official-artwork/600.png,60,80,95,70,85,50,,FALSE,,,,,,,,,,,FALSE,,,,,,,,,,
601,klinklang,steel,"plus,minus,clear-body",https://raw.githubusercontent.com/PokeAPI/sprites/master/sprites/pokemon/other/official-artwork/601.png,60,100,115,70,85,90,,FALSE,,,,,,,,,,,FALSE,,,,,,,,,,
602,tynamo,electric,levitate,https://raw.githubusercontent.com/PokeAPI/sprites/master/sprites/pokemon/other/official-artwork/602.png,35,55,40,45,40,60,,FALSE,,,,,,,,,,,FALSE,,,,,,,,,,
603,eelektrik,electric,levitate,https://raw.githubusercontent.com/PokeAPI/sprites/master/sprites/pokemon/other/official-artwork/603.png,65,85,70,75,70,40,,FALSE,,,,,,,,,,,FALSE,,,,,,,,,,
604,eelektross,electric,levitate,https://raw.githubusercontent.com/PokeAPI/sprites/master/sprites/pokemon/other/official-artwork/604.png,85,115,80,105,80,50,,FALSE,,,,,,,,,,,FALSE,,,,,,,,,,
605,elgyem,psychic,"telepathy,synchronize,analytic",https://raw.githubusercontent.com/PokeAPI/sprites/master/sprites/pokemon/other/official-artwork/605.png,55,55,55,85,55,30,,FALSE,,,,,,,,,,,FALSE,,,,,,,,,,
606,beheeyem,psychic,"telepathy,synchronize,analytic",https://raw.githubusercontent.com/PokeAPI/sprites/master/sprites/pokemon/other/official-artwork/606.png,75,75,75,125,95,40,,FALSE,,,,,,,,,,,FALSE,,,,,,,,,,
607,litwick,"ghost,fire","flash-fire,flame-body,infiltrator",https://raw.githubusercontent.com/PokeAPI/sprites/master/sprites/pokemon/other/official-artwork/607.png,50,30,55,65,55,20,,FALSE,,,,,,,,,,,FALSE,,,,,,,,,,
608,lampent,"ghost,fire","flash-fire,flame-body,infiltrator",https://raw.githubusercontent.com/PokeAPI/sprites/master/sprites/pokemon/other/official-artwork/608.png,60,40,60,95,60,55,,FALSE,,,,,,,,,,,FALSE,,,,,,,,,,
609,chandelure,"ghost,fire","flash-fire,flame-body,infiltrator",https://raw.githubusercontent.com/PokeAPI/sprites/master/sprites/pokemon/other/official-artwork/609.png,60,55,90,145,90,80,,FALSE,,,,,,,,,,,FALSE,,,,,,,,,,
610,axew,dragon,"rivalry,mold-breaker,unnerve",https://raw.githubusercontent.com/PokeAPI/sprites/master/sprites/pokemon/other/official-artwork/610.png,46,87,60,30,40,57,,FALSE,,,,,,,,,,,FALSE,,,,,,,,,,
611,fraxure,dragon,"rivalry,mold-breaker,unnerve",https://raw.githubusercontent.com/PokeAPI/sprites/master/sprites/pokemon/other/official-artwork/611.png,66,117,70,40,50,67,,FALSE,,,,,,,,,,,FALSE,,,,,,,,,,
612,haxorus,dragon,"rivalry,mold-breaker,unnerve",https://raw.githubusercontent.com/PokeAPI/sprites/master/sprites/pokemon/other/official-artwork/612.png,76,147,90,60,70,97,,FALSE,,,,,,,,,,,FALSE,,,,,,,,,,
613,cubchoo,ice,"snow-cloak,slush-rush,rattled",https://raw.githubusercontent.com/PokeAPI/sprites/master/sprites/pokemon/other/official-artwork/613.png,55,70,40,60,40,40,,FALSE,,,,,,,,,,,FALSE,,,,,,,,,,
614,beartic,ice,"snow-cloak,slush-rush,swift-swim",https://raw.githubusercontent.com/PokeAPI/sprites/master/sprites/pokemon/other/official-artwork/614.png,95,130,80,70,80,50,,FALSE,,,,,,,,,,,FALSE,,,,,,,,,,
615,cryogonal,ice,levitate,https://raw.githubusercontent.com/PokeAPI/sprites/master/sprites/pokemon/other/official-artwork/615.png,80,50,50,95,135,105,,FALSE,,,,,,,,,,,FALSE,,,,,,,,,,
616,shelmet,bug,"hydration,shell-armor,overcoat",https://raw.githubusercontent.com/PokeAPI/sprites/master/sprites/pokemon/other/official-artwork/616.png,50,40,85,40,65,25,,FALSE,,,,,,,,,,,FALSE,,,,,,,,,,
617,accelgor,bug,"hydration,sticky-hold,unburden",https://raw.githubusercontent.com/PokeAPI/sprites/master/sprites/pokemon/other/official-artwork/617.png,80,70,40,100,60,145,,FALSE,,,,,,,,,,,FALSE,,,,,,,,,,
618,stunfisk,"ground,electric","static,limber,sand-veil",https://raw.githubusercontent.com/PokeAPI/sprites/master/sprites/pokemon/other/official-artwork/618.png,109,66,84,81,99,32,,FALSE,,,,,,,,,,,FALSE,,,,,,,,,,
619,mienfoo,fighting,"inner-focus,regenerator,reckless",https://raw.githubusercontent.com/PokeAPI/sprites/master/sprites/pokemon/other/official-artwork/619.png,45,85,50,55,50,65,,FALSE,,,,,,,,,,,FALSE,,,,,,,,,,
620,mienshao,fighting,"inner-focus,regenerator,reckless",https://raw.githubusercontent.com/PokeAPI/sprites/master/sprites/pokemon/other/official-artwork/620.png,65,125,60,95,60,105,,FALSE,,,,,,,,,,,FALSE,,,,,,,,,,
621,druddigon,dragon,"rough-skin,sheer-force,mold-breaker",https://raw.githubusercontent.com/PokeAPI/sprites/master/sprites/pokemon/other/official-artwork/621.png,77,120,90,60,90,48,,FALSE,,,,,,,,,,,FALSE,,,,,,,,,,
622,golett,"ground,ghost","iron-fist,klutz,no-guard",https://raw.githubusercontent.com/PokeAPI/sprites/master/sprites/pokemon/other/official-artwork/622.png,59,74,50,35,50,35,,FALSE,,,,,,,,,,,FALSE,,,,,,,,,,
623,golurk,"ground,ghost","iron-fist,klutz,no-guard",https://raw.githubusercontent.com/PokeAPI/sprites/master/sprites/pokemon/other/official-artwork/623.png,89,124,80,55,80,55,,FALSE,,,,,,,,,,,FALSE,,,,,,,,,,
624,pawniard,"dark,steel","defiant,inner-focus,pressure",https://raw.githubusercontent.com/PokeAPI/sprites/master/sprites/pokemon/other/official-artwork/624.png,45,85,70,40,40,60,,FALSE,,,,,,,,,,,FALSE,,,,,,,,,,
625,bisharp,"dark,steel","defiant,inner-focus,pressure",https://raw.githubusercontent.com/PokeAPI/sprites/master/sprites/pokemon/other/official-artwork/625.png,65,125,100,60,70,70,,FALSE,,,,,,,,,,,FALSE,,,,,,,,,,
626,bouffalant,normal,"reckless,sap-sipper,soundproof",https://raw.githubusercontent.com/PokeAPI/sprites/master/sprites/pokemon/other/official-artwork/626.png,95,110,95,40,95,55,,FALSE,,,,,,,,,,,FALSE,,,,,,,,,,
627,rufflet,"normal,flying","keen-eye,sheer-force,hustle",https://raw.githubusercontent.com/PokeAPI/sprites/master/sprites/pokemon/other/official-artwork/627.png,70,83,50,37,50,60,,FALSE,,,,,,,,,,,FALSE,,,,,,,,,,
628,braviary,"normal,flying","keen-eye,sheer-force,defiant",https://raw.githubusercontent.com/PokeAPI/sprites/master/sprites/pokemon/other/official-artwork/628.png,100,123,75,57,75,80,,FALSE,,,,,,,,,,,FALSE,,,,,,,,,,
629,vullaby,"dark,flying","big-pecks,overcoat,weak-armor",https://raw.githubusercontent.com/PokeAPI/sprites/master/sprites/pokemon/other/official-artwork/629.png,70,55,75,45,65,60,,FALSE,,,,,,,,,,,FALSE,,,,,,,,,,
630,mandibuzz,"dark,flying","big-pecks,overcoat,weak-armor",https://raw.githubusercontent.com/PokeAPI/sprites/master/sprites/pokemon/other/official-artwork/630.png,110,65,105,55,95,80,,FALSE,,,,,,,,,,,FALSE,,,,,,,,,,
631,heatmor,fire,"gluttony,flash-fire,white-smoke",https://raw.githubusercontent.com/PokeAPI/sprites/master/sprites/pokemon/other/official-artwork/631.png,85,97,66,105,66,65,,FALSE,,,,,,,,,,,FALSE,,,,,,,,,,
632,durant,"bug,steel","swarm,hustle,truant",https://raw.githubusercontent.com/PokeAPI/sprites/master/sprites/pokemon/other/official-artwork/632.png,58,109,112,48,48,109,,FALSE,,,,,,,,,,,FALSE,,,,,,,,,,
633,deino,"dark,dragon",hustle,https://raw.githubusercontent.com/PokeAPI/sprites/master/sprites/pokemon/other/official-artwork/633.png,52,65,50,45,50,38,,FALSE,,,,,,,,,,,FALSE,,,,,,,,,,
634,zweilous,"dark,dragon",hustle,https://raw.githubusercontent.com/PokeAPI/sprites/master/sprites/pokemon/other/official-artwork/634.png,72,85,70,65,70,58,,FALSE,,,,,,,,,,,FALSE,,,,,,,,,,
635,hydreigon,"dark,dragon",levitate,https://raw.githubusercontent.com/PokeAPI/sprites/master/sprites/pokemon/other/official-artwork/635.png,92,105,90,125,90,98,,FALSE,,,,,,,,,,,FALSE,,,,,,,,,,
636,larvesta,"bug,fire","flame-body,swarm",https://raw.githubusercontent.com/PokeAPI/sprites/master/sprites/pokemon/other/official-artwork/636.png,55,85,55,50,55,60,,FALSE,,,,,,,,,,,FALSE,,,,,,,,,,
637,volcarona,"bug,fire","flame-body,swarm",https://raw.githubusercontent.com/PokeAPI/sprites/master/sprites/pokemon/other/official-artwork/637.png,85,60,65,135,105,100,,FALSE,,,,,,,,,,,FALSE,,,,,,,,,,
638,cobalion,"steel,fighting",justified,https://raw.githubusercontent.com/PokeAPI/sprites/master/sprites/pokemon/other/official-artwork/638.png,91,90,129,90,72,108,Sub-Legendary,FALSE,,,,,,,,,,,FALSE,,,,,,,,,,
639,terrakion,"rock,fighting",justified,https://raw.githubusercontent.com/PokeAPI/sprites/master/sprites/pokemon/other/official-artwork/639.png,91,129,90,72,90,108,Sub-Legendary,FALSE,,,,,,,,,,,FALSE,,,,,,,,,,
640,virizion,"grass,fighting",justified,https://raw.githubusercontent.com/PokeAPI/sprites/master/sprites/pokemon/other/official-artwork/640.png,91,90,72,90,129,108,Sub-Legendary,FALSE,,,,,,,,,,,FALSE,,,,,,,,,,
641,tornadus-incarnate,flying,"prankster,defiant",https://raw.githubusercontent.com/PokeAPI/sprites/master/sprites/pokemon/other/official-artwork/641.png,79,115,70,125,80,111,Legendary,FALSE,,,,,,,,,,,FALSE,,,,,,,,,,
642,thundurus-incarnate,"electric,flying","prankster,defiant",https://raw.githubusercontent.com/PokeAPI/sprites/master/sprites/pokemon/other/official-artwork/642.png,79,115,70,125,80,111,Legendary,FALSE,,,,,,,,,,,FALSE,,,,,,,,,,
643,reshiram,"dragon,fire",turboblaze,https://raw.githubusercontent.com/PokeAPI/sprites/master/sprites/pokemon/other/official-artwork/643.png,100,120,100,150,120,90,Legendary,FALSE,,,,,,,,,,,FALSE,,,,,,,,,,
644,zekrom,"dragon,electric",teravolt,https://raw.githubusercontent.com/PokeAPI/sprites/master/sprites/pokemon/other/official-artwork/644.png,100,150,120,120,100,90,Legendary,FALSE,,,,,,,,,,,FALSE,,,,,,,,,,
645,landorus-incarnate,"ground,flying","sand-force,sheer-force",https://raw.githubusercontent.com/PokeAPI/sprites/master/sprites/pokemon/other/official-artwork/645.png,89,125,90,115,80,101,Legendary,FALSE,,,,,,,,,,,FALSE,,,,,,,,,,
646,kyurem,"dragon,ice",pressure,https://raw.githubusercontent.com/PokeAPI/sprites/master/sprites/pokemon/other/official-artwork/646.png,125,130,90,130,90,95,Legendary,FALSE,,,,,,,,,,,FALSE,,,,,,,,,,
647,keldeo-ordinary,"water,fighting",justified,https://raw.githubusercontent.com/PokeAPI/sprites/master/sprites/pokemon/other/official-artwork/647.png,91,72,90,129,90,108,Mythical,FALSE,,,,,,,,,,,FALSE,,,,,,,,,,
648,meloetta-aria,"normal,psychic",serene-grace,https://raw.githubusercontent.com/PokeAPI/sprites/master/sprites/pokemon/other/official-artwork/648.png,100,77,77,128,128,90,Mythical,FALSE,,,,,,,,,,,FALSE,,,,,,,,,,
649,genesect,"bug,steel",download,https://raw.githubusercontent.com/PokeAPI/sprites/master/sprites/pokemon/other/official-artwork/649.png,71,120,95,120,95,99,Mythical,FALSE,,,,,,,,,,,FALSE,,,,,,,,,,
650,chespin,grass,"overgrow,bulletproof",https://raw.githubusercontent.com/PokeAPI/sprites/master/sprites/pokemon/other/official-artwork/650.png,56,61,65,48,45,38,,FALSE,,,,,,,,,,,FALSE,,,,,,,,,,
651,quilladin,grass,"overgrow,bulletproof",https://raw.githubusercontent.com/PokeAPI/sprites/master/sprites/pokemon/other/official-artwork/651.png,61,78,95,56,58,57,,FALSE,,,,,,,,,,,FALSE,,,,,,,,,,
652,chesnaught,"grass,fighting","overgrow,bulletproof",https://raw.githubusercontent.com/PokeAPI/sprites/master/sprites/pokemon/other/official-artwork/652.png,88,107,122,74,75,64,,FALSE,,,,,,,,,,,FALSE,,,,,,,,,,
653,fennekin,fire,"blaze,magician",https://raw.githubusercontent.com/PokeAPI/sprites/master/sprites/pokemon/other/official-artwork/653.png,40,45,40,62,60,60,,FALSE,,,,,,,,,,,FALSE,,,,,,,,,,
654,braixen,fire,"blaze,magician",https://raw.githubusercontent.com/PokeAPI/sprites/master/sprites/pokemon/other/official-artwork/654.png,59,59,58,90,70,73,,FALSE,,,,,,,,,,,FALSE,,,,,,,,,,
655,delphox,"fire,psychic","blaze,magician",https://raw.githubusercontent.com/PokeAPI/sprites/master/sprites/pokemon/other/official-artwork/655.png,75,69,72,114,100,104,,FALSE,,,,,,,,,,,FALSE,,,,,,,,,,
656,froakie,water,"torrent,protean",https://raw.githubusercontent.com/PokeAPI/sprites/master/sprites/pokemon/other/official-artwork/656.png,41,56,40,62,44,71,,FALSE,,,,,,,,,,,FALSE,,,,,,,,,,
657,frogadier,water,"torrent,protean",https://raw.githubusercontent.com/PokeAPI/sprites/master/sprites/pokemon/other/official-artwork/657.png,54,63,52,83,56,97,,FALSE,,,,,,,,,,,FALSE,,,,,,,,,,
658,greninja,"water,dark","torrent,protean",https://raw.githubusercontent.com/PokeAPI/sprites/master/sprites/pokemon/other/official-artwork/658.png,72,95,67,103,71,122,,FALSE,,,,,,,,,,,FALSE,,,,,,,,,,
659,bunnelby,normal,"pickup,cheek-pouch,huge-power",https://raw.githubusercontent.com/PokeAPI/sprites/master/sprites/pokemon/other/official-artwork/659.png,38,36,38,32,36,57,,FALSE,,,,,,,,,,,FALSE,,,,,,,,,,
660,diggersby,"normal,ground","pickup,cheek-pouch,huge-power",https://raw.githubusercontent.com/PokeAPI/sprites/master/sprites/pokemon/other/official-artwork/660.png,85,56,77,50,77,78,,FALSE,,,,,,,,,,,FALSE,,,,,,,,,,
661,fletchling,"normal,flying","big-pecks,gale-wings",https://raw.githubusercontent.com/PokeAPI/sprites/master/sprites/pokemon/other/official-artwork/661.png,45,50,43,40,38,62,,FALSE,,,,,,,,,,,FALSE,,,,,,,,,,
662,fletchinder,"fire,flying","flame-body,gale-wings",https://raw.githubusercontent.com/PokeAPI/sprites/master/sprites/pokemon/other/official-artwork/662.png,62,73,55,56,52,84,,FALSE,,,,,,,,,,,FALSE,,,,,,,,,,
663,talonflame,"fire,flying","flame-body,gale-wings",https://raw.githubusercontent.com/PokeAPI/sprites/master/sprites/pokemon/other/official-artwork/663.png,78,81,71,74,69,126,,FALSE,,,,,,,,,,,FALSE,,,,,,,,,,
664,scatterbug,bug,"shield-dust,compound-eyes,friend-guard",https://raw.githubusercontent.com/PokeAPI/sprites/master/sprites/pokemon/other/official-artwork/664.png,38,35,40,27,25,35,,FALSE,,,,,,,,,,,FALSE,,,,,,,,,,
665,spewpa,bug,"shed-skin,friend-guard",https://raw.githubusercontent.com/PokeAPI/sprites/master/sprites/pokemon/other/official-artwork/665.png,45,22,60,27,30,29,,FALSE,,,,,,,,,,,FALSE,,,,,,,,,,
666,vivillon,"bug,flying","shield-dust,compound-eyes,friend-guard",https://raw.githubusercontent.com/PokeAPI/sprites/master/sprites/pokemon/other/official-artwork/666.png,80,52,50,90,50,89,,FALSE,,,,,,,,,,,FALSE,,,,,,,,,,
667,litleo,"fire,normal","rivalry,unnerve,moxie",https://raw.githubusercontent.com/PokeAPI/sprites/master/sprites/pokemon/other/official-artwork/667.png,62,50,58,73,54,72,,FALSE,,,,,,,,,,,FALSE,,,,,,,,,,
668,pyroar,"fire,normal","rivalry,unnerve,moxie",https://raw.githubusercontent.com/PokeAPI/sprites/master/sprites/pokemon/other/official-artwork/668.png,86,68,72,109,66,106,,FALSE,,,,,,,,,,,FALSE,,,,,,,,,,
669,flabebe,fairy,"flower-veil,symbiosis",https://raw.githubusercontent.com/PokeAPI/sprites/master/sprites/pokemon/other/official-artwork/669.png,44,38,39,61,79,42,,FALSE,,,,,,,,,,,FALSE,,,,,,,,,,
670,floette,fairy,"flower-veil,symbiosis",https://raw.githubusercontent.com/PokeAPI/sprites/master/sprites/pokemon/other/official-artwork/670.png,54,45,47,75,98,52,,FALSE,,,,,,,,,,,FALSE,,,,,,,,,,
671,florges,fairy,"flower-veil,symbiosis",https://raw.githubusercontent.com/PokeAPI/sprites/master/sprites/pokemon/other/official-artwork/671.png,78,65,68,112,154,75,,FALSE,,,,,,,,,,,FALSE,,,,,,,,,,
672,skiddo,grass,"sap-sipper,grass-pelt",https://raw.githubusercontent.com/PokeAPI/sprites/master/sprites/pokemon/other/official-artwork/672.png,66,65,48,62,57,52,,FALSE,,,,,,,,,,,FALSE,,,,,,,,,,
673,gogoat,grass,"sap-sipper,grass-pelt",https://raw.githubusercontent.com/PokeAPI/sprites/master/sprites/pokemon/other/official-artwork/673.png,123,100,62,97,81,68,,FALSE,,,,,,,,,,,FALSE,,,,,,,,,,
674,pancham,fighting,"iron-fist,mold-breaker,scrappy",https://raw.githubusercontent.com/PokeAPI/sprites/master/sprites/pokemon/other/official-artwork/674.png,67,82,62,46,48,43,,FALSE,,,,,,,,,,,FALSE,,,,,,,,,,
675,pangoro,"fighting,dark","iron-fist,mold-breaker,scrappy",https://raw.githubusercontent.com/PokeAPI/sprites/master/sprites/pokemon/other/official-artwork/675.png,95,124,78,69,71,58,,FALSE,,,,,,,,,,,FALSE,,,,,,,,,,
676,furfrou,normal,fur-coat,https://raw.githubusercontent.com/PokeAPI/sprites/master/sprites/pokemon/other/official-artwork/676.png,75,80,60,65,90,102,,FALSE,,,,,,,,,,,FALSE,,,,,,,,,,
677,espurr,psychic,"keen-eye,infiltrator,own-tempo",https://raw.githubusercontent.com/PokeAPI/sprites/master/sprites/pokemon/other/official-artwork/677.png,62,48,54,63,60,68,,FALSE,,,,,,,,,,,FALSE,,,,,,,,,,
678,meowstic-male,psychic,"keen-eye,infiltrator,prankster",https://raw.githubusercontent.com/PokeAPI/sprites/master/sprites/pokemon/other/official-artwork/678.png,74,48,76,83,81,104,,FALSE,,,,,,,,,,,FALSE,,,,,,,,,,
679,honedge,"steel,ghost",no-guard,https://raw.githubusercontent.com/PokeAPI/sprites/master/sprites/pokemon/other/official-artwork/679.png,45,80,100,35,37,28,,FALSE,,,,,,,,,,,FALSE,,,,,,,,,,
680,doublade,"steel,ghost",no-guard,https://raw.githubusercontent.com/PokeAPI/sprites/master/sprites/pokemon/other/official-artwork/680.png,59,110,150,45,49,35,,FALSE,,,,,,,,,,,FALSE,,,,,,,,,,
681,aegislash-shield,"steel,ghost",stance-change,https://raw.githubusercontent.com/PokeAPI/sprites/master/sprites/pokemon/other/official-artwork/681.png,60,50,140,50,140,60,,FALSE,,,,,,,,,,,FALSE,,,,,,,,,,
682,spritzee,fairy,"healer,aroma-veil",https://raw.githubusercontent.com/PokeAPI/sprites/master/sprites/pokemon/other/official-artwork/682.png,78,52,60,63,65,23,,FALSE,,,,,,,,,,,FALSE,,,,,,,,,,
683,aromatisse,fairy,"healer,aroma-veil",https://raw.githubusercontent.com/PokeAPI/sprites/master/sprites/pokemon/other/official-artwork/683.png,101,72,72,99,89,29,,FALSE,,,,,,,,,,,FALSE,,,,,,,,,,
684,swirlix,fairy,"sweet-veil,unburden",https://raw.githubusercontent.com/PokeAPI/sprites/master/sprites/pokemon/other/official-artwork/684.png,62,48,66,59,57,49,,FALSE,,,,,,,,,,,FALSE,,,,,,,,,,
685,slurpuff,fairy,"sweet-veil,unburden",https://raw.githubusercontent.com/PokeAPI/sprites/master/sprites/pokemon/other/official-artwork/685.png,82,80,86,85,75,72,,FALSE,,,,,,,,,,,FALSE,,,,,,,,,,
686,inkay,"dark,psychic","contrary,suction-cups,infiltrator",https://raw.githubusercontent.com/PokeAPI/sprites/master/sprites/pokemon/other/official-artwork/686.png,53,54,53,37,46,45,,FALSE,,,,,,,,,,,FALSE,,,,,,,,,,
687,malamar,"dark,psychic","contrary,suction-cups,infiltrator",https://raw.githubusercontent.com/PokeAPI/sprites/master/sprites/pokemon/other/official-artwork/687.png,86,92,88,68,75,73,,FALSE,,,,,,,,,,,FALSE,,,,,,,,,,
688,binacle,"rock,water","tough-claws,sniper,pickpocket",https://raw.githubusercontent.com/PokeAPI/sprites/master/sprites/pokemon/other/official-artwork/688.png,42,52,67,39,56,50,,FALSE,,,,,,,,,,,FALSE,,,,,,,,,,
689,barbaracle,"rock,water","tough-claws,sniper,pickpocket",https://raw.githubusercontent.com/PokeAPI/sprites/master/sprites/pokemon/other/official-artwork/689.png,72,105,115,54,86,68,,FALSE,,,,,,,,,,,FALSE,,,,,,,,,,
690,skrelp,"poison,water","poison-point,poison-touch,adaptability",https://raw.githubusercontent.com/PokeAPI/sprites/master/sprites/pokemon/other/official-artwork/690.png,50,60,60,60,60,30,,FALSE,,,,,,,,,,,FALSE,,,,,,,,,,
691,dragalge,"poison,dragon","poison-point,poison-touch,adaptability",https://raw.githubusercontent.com/PokeAPI/sprites/master/sprites/pokemon/other/official-artwork/691.png,65,75,90,97,123,44,,FALSE,,,,,,,,,,,FALSE,,,,,,,,,,
692,clauncher,water,mega-launcher,https://raw.githubusercontent.com/PokeAPI/sprites/master/sprites/pokemon/other/official-artwork/692.png,50,53,62,58,63,44,,FALSE,,,,,,,,,,,FALSE,,,,,,,,,,
693,clawitzer,water,mega-launcher,https://raw.githubusercontent.com/PokeAPI/sprites/master/sprites/pokemon/other/official-artwork/693.png,71,73,88,120,89,59,,FALSE,,,,,,,,,,,FALSE,,,,,,,,,,
694,helioptile,"electric,normal","dry-skin,sand-veil,solar-power",https://raw.githubusercontent.com/PokeAPI/sprites/master/sprites/pokemon/other/official-artwork/694.png,44,38,33,61,43,70,,FALSE,,,,,,,,,,,FALSE,,,,,,,,,,
695,heliolisk,"electric,normal","dry-skin,sand-veil,solar-power",https://raw.githubusercontent.com/PokeAPI/sprites/master/sprites/pokemon/other/official-artwork/695.png,62,55,52,109,94,109,,FALSE,,,,,,,,,,,FALSE,,,,,,,,,,
696,tyrunt,"rock,dragon","strong-jaw,sturdy",https://raw.githubusercontent.com/PokeAPI/sprites/master/sprites/pokemon/other/official-artwork/696.png,58,89,77,45,45,48,,FALSE,,,,,,,,,,,FALSE,,,,,,,,,,
697,tyrantrum,"rock,dragon","strong-jaw,rock-head",https://raw.githubusercontent.com/PokeAPI/sprites/master/sprites/pokemon/other/official-artwork/697.png,82,121,119,69,59,71,,FALSE,,,,,,,,,,,FALSE,,,,,,,,,,
698,amaura,"rock,ice","refrigerate,snow-warning",https://raw.githubusercontent.com/PokeAPI/sprites/master/sprites/pokemon/other/official-artwork/698.png,77,59,50,67,63,46,,FALSE,,,,,,,,,,,FALSE,,,,,,,,,,
699,aurorus,"rock,ice","refrigerate,snow-warning",https://raw.githubusercontent.com/PokeAPI/sprites/master/sprites/pokemon/other/official-artwork/699.png,123,77,72,99,92,58,,FALSE,,,,,,,,,,,FALSE,,,,,,,,,,
700,sylveon,fairy,"cute-charm,pixilate",https://raw.githubusercontent.com/PokeAPI/sprites/master/sprites/pokemon/other/official-artwork/700.png,95,65,65,110,130,60,,FALSE,,,,,,,,,,,FALSE,,,,,,,,,,
701,hawlucha,"fighting,flying","limber,unburden,mold-breaker",https://raw.githubusercontent.com/PokeAPI/sprites/master/sprites/pokemon/other/official-artwork/701.png,78,92,75,74,63,118,,FALSE,,,,,,,,,,,FALSE,,,,,,,,,,
702,dedenne,"electric,fairy","cheek-pouch,pickup,plus",https://raw.githubusercontent.com/PokeAPI/sprites/master/sprites/pokemon/other/official-artwork/702.png,67,58,57,81,67,101,,FALSE,,,,,,,,,,,FALSE,,,,,,,,,,
703,carbink,"rock,fairy","clear-body,sturdy",https://raw.githubusercontent.com/PokeAPI/sprites/master/sprites/pokemon/other/official-artwork/703.png,50,50,150,50,150,50,,FALSE,,,,,,,,,,,FALSE,,,,,,,,,,
704,goomy,dragon,"sap-sipper,hydration,gooey",https://raw.githubusercontent.com/PokeAPI/sprites/master/sprites/pokemon/other/official-artwork/704.png,45,50,35,55,75,40,,FALSE,,,,,,,,,,,FALSE,,,,,,,,,,
705,sliggoo,dragon,"sap-sipper,hydration,gooey",https://raw.githubusercontent.com/PokeAPI/sprites/master/sprites/pokemon/other/official-artwork/705.png,68,75,53,83,113,60,,FALSE,,,,,,,,,,,FALSE,,,,,,,,,,
706,goodra,dragon,"sap-sipper,hydration,gooey",https://raw.githubusercontent.com/PokeAPI/sprites/master/sprites/pokemon/other/official-artwork/706.png,90,100,70,110,150,80,,FALSE,,,,,,,,,,,FALSE,,,,,,,,,,
707,klefki,"steel,fairy","prankster,magician",https://raw.githubusercontent.com/PokeAPI/sprites/master/sprites/pokemon/other/official-artwork/707.png,57,80,91,80,87,75,,FALSE,,,,,,,,,,,FALSE,,,,,,,,,,
708,phantump,"ghost,grass","natural-cure,frisk,harvest",https://raw.githubusercontent.com/PokeAPI/sprites/master/sprites/pokemon/other/official-artwork/708.png,43,70,48,50,60,38,,FALSE,,,,,,,,,,,FALSE,,,,,,,,,,
709,trevenant,"ghost,grass","natural-cure,frisk,harvest",https://raw.githubusercontent.com/PokeAPI/sprites/master/sprites/pokemon/other/official-artwork/709.png,85,110,76,65,82,56,,FALSE,,,,,,,,,,,FALSE,,,,,,,,,,
710,pumpkaboo-average,"ghost,grass","pickup,frisk,insomnia",https://raw.githubusercontent.com/PokeAPI/sprites/master/sprites/pokemon/other/official-artwork/710.png,49,66,70,44,55,51,,FALSE,,,,,,,,,,,FALSE,,,,,,,,,,
711,gourgeist-average,"ghost,grass","pickup,frisk,insomnia",https://raw.githubusercontent.com/PokeAPI/sprites/master/sprites/pokemon/other/official-artwork/711.png,65,90,122,58,75,84,,FALSE,,,,,,,,,,,FALSE,,,,,,,,,,
712,bergmite,ice,"own-tempo,ice-body,sturdy",https://raw.githubusercontent.com/PokeAPI/sprites/master/sprites/pokemon/other/official-artwork/712.png,55,69,85,32,35,28,,FALSE,,,,,,,,,,,FALSE,,,,,,,,,,
713,avalugg,ice,"own-tempo,ice-body,sturdy",https://raw.githubusercontent.com/PokeAPI/sprites/master/sprites/pokemon/other/official-artwork/713.png,95,117,184,44,46,28,,FALSE,,,,,,,,,,,FALSE,,,,,,,,,,
714,noibat,"flying,dragon","frisk,infiltrator,telepathy",https://raw.githubusercontent.com/PokeAPI/sprites/master/sprites/pokemon/other/official-artwork/714.png,40,30,35,45,40,55,,FALSE,,,,,,,,,,,FALSE,,,,,,,,,,
715,noivern,"flying,dragon","frisk,infiltrator,telepathy",https://raw.githubusercontent.com/PokeAPI/sprites/master/sprites/pokemon/other/official-artwork/715.png,85,70,80,97,80,123,,FALSE,,,,,,,,,,,FALSE,,,,,,,,,,
716,xerneas,fairy,fairy-aura,https://raw.githubusercontent.com/PokeAPI/sprites/master/sprites/pokemon/other/official-artwork/716.png,126,131,95,131,98,99,Legendary,FALSE,,,,,,,,,,,FALSE,,,,,,,,,,
717,yveltal,"dark,flying",dark-aura,https://raw.githubusercontent.com/PokeAPI/sprites/master/sprites/pokemon/other/official-artwork/717.png,126,131,95,131,98,99,Legendary,FALSE,,,,,,,,,,,FALSE,,,,,,,,,,
718,zygarde-50,"dragon,ground",aura-break,https://raw.githubusercontent.com/PokeAPI/sprites/master/sprites/pokemon/other/official-artwork/718.png,108,100,121,81,95,95,Legendary,FALSE,,,,,,,,,,,FALSE,,,,,,,,,,
719,diancie,"rock,fairy",clear-body,https://raw.githubusercontent.com/PokeAPI/sprites/master/sprites/pokemon/other/official-artwork/719.png,50,100,150,100,150,50,Mythical,TRUE,diancie-mega,https://raw.githubusercontent.com/PokeAPI/sprites/master/sprites/pokemon/other/official-artwork/10075.png,"rock,fairy",magic-bounce,50,160,110,160,110,110,FALSE,,,,,,,,,,
720,hoopa,"psychic,ghost",magician,https://raw.githubusercontent.com/PokeAPI/sprites/master/sprites/pokemon/other/official-artwork/720.png,80,110,60,150,130,70,Mythical,FALSE,,,,,,,,,,,FALSE,,,,,,,,,,
721,volcanion,"fire,water",water-absorb,https://raw.githubusercontent.com/PokeAPI/sprites/master/sprites/pokemon/other/official-artwork/721.png,80,110,120,130,90,70,Mythical,FALSE,,,,,,,,,,,FALSE,,,,,,,,,,
722,rowlet,"grass,flying","overgrow,long-reach",https://raw.githubusercontent.com/PokeAPI/sprites/master/sprites/pokemon/other/official-artwork/722.png,68,55,55,50,50,42,,FALSE,,,,,,,,,,,FALSE,,,,,,,,,,
723,dartrix,"grass,flying","overgrow,long-reach",https://raw.githubusercontent.com/PokeAPI/sprites/master/sprites/pokemon/other/official-artwork/723.png,78,75,75,70,70,52,,FALSE,,,,,,,,,,,FALSE,,,,,,,,,,
724,decidueye,"grass,ghost","overgrow,long-reach",https://raw.githubusercontent.com/PokeAPI/sprites/master/sprites/pokemon/other/official-artwork/724.png,78,107,75,100,100,70,,FALSE,,,,,,,,,,,FALSE,,,,,,,,,,
725,litten,fire,"blaze,intimidate",https://raw.githubusercontent.com/PokeAPI/sprites/master/sprites/pokemon/other/official-artwork/725.png,45,65,40,60,40,70,,FALSE,,,,,,,,,,,FALSE,,,,,,,,,,
726,torracat,fire,"blaze,intimidate",https://raw.githubusercontent.com/PokeAPI/sprites/master/sprites/pokemon/other/official-artwork/726.png,65,85,50,80,50,90,,FALSE,,,,,,,,,,,FALSE,,,,,,,,,,
727,incineroar,"fire,dark","blaze,intimidate",https://raw.githubusercontent.com/PokeAPI/sprites/master/sprites/pokemon/other/official-artwork/727.png,95,115,90,80,90,60,,FALSE,,,,,,,,,,,FALSE,,,,,,,,,,
728,popplio,water,"torrent,liquid-voice",https://raw.githubusercontent.com/PokeAPI/sprites/master/sprites/pokemon/other/official-artwork/728.png,50,54,54,66,56,40,,FALSE,,,,,,,,,,,FALSE,,,,,,,,,,
729,brionne,water,"torrent,liquid-voice",https://raw.githubusercontent.com/PokeAPI/sprites/master/sprites/pokemon/other/official-artwork/729.png,60,69,69,91,81,50,,FALSE,,,,,,,,,,,FALSE,,,,,,,,,,
730,primarina,"water,fairy","torrent,liquid-voice",https://raw.githubusercontent.com/PokeAPI/sprites/master/sprites/pokemon/other/official-artwork/730.png,80,74,74,126,116,60,,FALSE,,,,,,,,,,,FALSE,,,,,,,,,,
731,pikipek,"normal,flying","keen-eye,skill-link,pickup",https://raw.githubusercontent.com/PokeAPI/sprites/master/sprites/pokemon/other/official-artwork/731.png,35,75,30,30,30,65,,FALSE,,,,,,,,,,,FALSE,,,,,,,,,,
732,trumbeak,"normal,flying","keen-eye,skill-link,pickup",https://raw.githubusercontent.com/PokeAPI/sprites/master/sprites/pokemon/other/official-artwork/732.png,55,85,50,40,50,75,,FALSE,,,,,,,,,,,FALSE,,,,,,,,,,
733,toucannon,"normal,flying","keen-eye,skill-link,sheer-force",https://raw.githubusercontent.com/PokeAPI/sprites/master/sprites/pokemon/other/official-artwork/733.png,80,120,75,75,75,60,,FALSE,,,,,,,,,,,FALSE,,,,,,,,,,
734,yungoos,normal,"stakeout,strong-jaw,adaptability",https://raw.githubusercontent.com/PokeAPI/sprites/master/sprites/pokemon/other/official-artwork/734.png,48,70,30,30,30,45,,FALSE,,,,,,,,,,,FALSE,,,,,,,,,,
735,gumshoos,normal,"stakeout,strong-jaw,adaptability",https://raw.githubusercontent.com/PokeAPI/sprites/master/sprites/pokemon/other/official-artwork/735.png,88,110,60,55,60,45,,FALSE,,,,,,,,,,,FALSE,,,,,,,,,,
736,grubbin,bug,swarm,https://raw.githubusercontent.com/PokeAPI/sprites/master/sprites/pokemon/other/official-artwork/736.png,47,62,45,55,45,46,,FALSE,,,,,,,,,,,FALSE,,,,,,,,,,
737,charjabug,"bug,electric",battery,https://raw.githubusercontent.com/PokeAPI/sprites/master/sprites/pokemon/other/official-artwork/737.png,57,82,95,55,75,36,,FALSE,,,,,,,,,,,FALSE,,,,,,,,,,
738,vikavolt,"bug,electric",levitate,https://raw.githubusercontent.com/PokeAPI/sprites/master/sprites/pokemon/other/official-artwork/738.png,77,70,90,145,75,43,,FALSE,,,,,,,,,,,FALSE,,,,,,,,,,
739,crabrawler,fighting,"hyper-cutter,iron-fist,anger-point",https://raw.githubusercontent.com/PokeAPI/sprites/master/sprites/pokemon/other/official-artwork/739.png,47,82,57,42,47,63,,FALSE,,,,,,,,,,,FALSE,,,,,,,,,,
740,crabominable,"fighting,ice","hyper-cutter,iron-fist,anger-point",https://raw.githubusercontent.com/PokeAPI/sprites/master/sprites/pokemon/other/official-artwork/740.png,97,132,77,62,67,43,,FALSE,,,,,,,,,,,FALSE,,,,,,,,,,
741,oricorio-baile,"fire,flying",dancer,https://raw.githubusercontent.com/PokeAPI/sprites/master/sprites/pokemon/other/official-artwork/741.png,75,70,70,98,70,93,,FALSE,,,,,,,,,,,FALSE,,,,,,,,,,
742,cutiefly,"bug,fairy","honey-gather,shield-dust,sweet-veil",https://raw.githubusercontent.com/PokeAPI/sprites/master/sprites/pokemon/other/official-artwork/742.png,40,45,40,55,40,84,,FALSE,,,,,,,,,,,FALSE,,,,,,,,,,
743,ribombee,"bug,fairy","honey-gather,shield-dust,sweet-veil",https://raw.githubusercontent.com/PokeAPI/sprites/master/sprites/pokemon/other/official-artwork/743.png,60,55,60,95,70,124,,FALSE,,,,,,,,,,,FALSE,,,,,,,,,,
744,rockruff,rock,"keen-eye,vital-spirit,steadfast",https://raw.githubusercontent.com/PokeAPI/sprites/master/sprites/pokemon/other/official-artwork/744.png,45,65,40,30,40,60,,FALSE,,,,,,,,,,,FALSE,,,,,,,,,,
745,lycanroc-midday,rock,"keen-eye,sand-rush,steadfast",https://raw.githubusercontent.com/PokeAPI/sprites/master/sprites/pokemon/other/official-artwork/745.png,75,115,65,55,65,112,,FALSE,,,,,,,,,,,FALSE,,,,,,,,,,
746,wishiwashi-solo,water,schooling,https://raw.githubusercontent.com/PokeAPI/sprites/master/sprites/pokemon/other/official-artwork/746.png,45,20,20,25,25,40,,FALSE,,,,,,,,,,,FALSE,,,,,,,,,,
747,mareanie,"poison,water","merciless,limber,regenerator",https://raw.githubusercontent.com/PokeAPI/sprites/master/sprites/pokemon/other/official-artwork/747.png,50,53,62,43,52,45,,FALSE,,,,,,,,,,,FALSE,,,,,,,,,,
748,toxapex,"poison,water","merciless,limber,regenerator",https://raw.githubusercontent.com/PokeAPI/sprites/master/sprites/pokemon/other/official-artwork/748.png,50,63,152,53,142,35,,FALSE,,,,,,,,,,,FALSE,,,,,,,,,,
749,mudbray,ground,"own-tempo,stamina,inner-focus",https://raw.githubusercontent.com/PokeAPI/sprites/master/sprites/pokemon/other/official-artwork/749.png,70,100,70,45,55,45,,FALSE,,,,,,,,,,,FALSE,,,,,,,,,,
750,mudsdale,ground,"own-tempo,stamina,inner-focus",https://raw.githubusercontent.com/PokeAPI/sprites/master/sprites/pokemon/other/official-artwork/750.png,100,125,100,55,85,35,,FALSE,,,,,,,,,,,FALSE,,,,,,,,,,
751,dewpider,"water,bug","water-bubble,water-absorb",https://raw.githubusercontent.com/PokeAPI/sprites/master/sprites/pokemon/other/official-artwork/751.png,38,40,52,40,72,27,,FALSE,,,,,,,,,,,FALSE,,,,,,,,,,
752,araquanid,"water,bug","water-bubble,water-absorb",https://raw.githubusercontent.com/PokeAPI/sprites/master/sprites/pokemon/other/official-artwork/752.png,68,70,92,50,132,42,,FALSE,,,,,,,,,,,FALSE,,,,,,,,,,
753,fomantis,grass,"leaf-guard,contrary",https://raw.githubusercontent.com/PokeAPI/sprites/master/sprites/pokemon/other/official-artwork/753.png,40,55,35,50,35,35,,FALSE,,,,,,,,,,,FALSE,,,,,,,,,,
754,lurantis,grass,"leaf-guard,contrary",https://raw.githubusercontent.com/PokeAPI/sprites/master/sprites/pokemon/other/official-artwork/754.png,70,105,90,80,90,45,,FALSE,,,,,,,,,,,FALSE,,,,,,,,,,
755,morelull,"grass,fairy","illuminate,effect-spore,rain-dish",https://raw.githubusercontent.com/PokeAPI/sprites/master/sprites/pokemon/other/official-artwork/755.png,40,35,55,65,75,15,,FALSE,,,,,,,,,,,FALSE,,,,,,,,,,
756,shiinotic,"grass,fairy","illuminate,effect-spore,rain-dish",https://raw.githubusercontent.com/PokeAPI/sprites/master/sprites/pokemon/other/official-artwork/756.png,60,45,80,90,100,30,,FALSE,,,,,,,,,,,FALSE,,,,,,,,,,
757,salandit,"poison,fire","corrosion,oblivious",https://raw.githubusercontent.com/PokeAPI/sprites/master/sprites/pokemon/other/official-artwork/757.png,48,44,40,71,40,77,,FALSE,,,,,,,,,,,FALSE,,,,,,,,,,
758,salazzle,"poison,fire","corrosion,oblivious",https://raw.githubusercontent.com/PokeAPI/sprites/master/sprites/pokemon/other/official-artwork/758.png,68,64,60,111,60,117,,FALSE,,,,,,,,,,,FALSE,,,,,,,,,,
759,stufful,"normal,fighting","fluffy,klutz,cute-charm",https://raw.githubusercontent.com/PokeAPI/sprites/master/sprites/pokemon/other/official-artwork/759.png,70,75,50,45,50,50,,FALSE,,,,,,,,,,,FALSE,,,,,,,,,,
760,bewear,"normal,fighting","fluffy,klutz,unnerve",https://raw.githubusercontent.com/PokeAPI/sprites/master/sprites/pokemon/other/official-artwork/760.png,120,125,80,55,60,60,,FALSE,,,,,,,,,,,FALSE,,,,,,,,,,
761,bounsweet,grass,"leaf-guard,oblivious,sweet-veil",https://raw.githubusercontent.com/PokeAPI/sprites/master/sprites/pokemon/other/official-artwork/761.png,42,30,38,30,38,32,,FALSE,,,,,,,,,,,FALSE,,,,,,,,,,
762,steenee,grass,"leaf-guard,oblivious,sweet-veil",https://raw.githubusercontent.com/PokeAPI/sprites/master/sprites/pokemon/other/official-artwork/762.png,52,40,48,40,48,62,,FALSE,,,,,,,,,,,FALSE,,,,,,,,,,
763,tsareena,grass,"leaf-guard,queenly-majesty,sweet-veil",https://raw.githubusercontent.com/PokeAPI/sprites/master/sprites/pokemon/other/official-artwork/763.png,72,120,98,50,98,72,,FALSE,,,,,,,,,,,FALSE,,,,,,,,,,
764,comfey,fairy,"flower-veil,triage,natural-cure",https://raw.githubusercontent.com/PokeAPI/sprites/master/sprites/pokemon/other/official-artwork/764.png,51,52,90,82,110,100,,FALSE,,,,,,,,,,,FALSE,,,,,,,,,,
765,oranguru,"normal,psychic","inner-focus,telepathy,symbiosis",https://raw.githubusercontent.com/PokeAPI/sprites/master/sprites/pokemon/other/official-artwork/765.png,90,60,80,90,110,60,,FALSE,,,,,,,,,,,FALSE,,,,,,,,,,
766,passimian,fighting,"receiver,defiant",https://raw.githubusercontent.com/PokeAPI/sprites/master/sprites/pokemon/other/official-artwork/766.png,100,120,90,40,60,80,,FALSE,,,,,,,,,,,FALSE,,,,,,,,,,
767,wimpod,"bug,water",wimp-out,https://raw.githubusercontent.com/PokeAPI/sprites/master/sprites/pokemon/other/official-artwork/767.png,25,35,40,20,30,80,,FALSE,,,,,,,,,,,FALSE,,,,,,,,,,
768,golisopod,"bug,water",emergency-exit,https://raw.githubusercontent.com/PokeAPI/sprites/master/sprites/pokemon/other/official-artwork/768.png,75,125,140,60,90,40,,FALSE,,,,,,,,,,,FALSE,,,,,,,,,,
769,sandygast,"ghost,ground","water-compaction,sand-veil",https://raw.githubusercontent.com/PokeAPI/sprites/master/sprites/pokemon/other/official-artwork/769.png,55,55,80,70,45,15,,FALSE,,,,,,,,,,,FALSE,,,,,,,,,,
770,palossand,"ghost,ground","water-compaction,sand-veil",https://raw.githubusercontent.com/PokeAPI/sprites/master/sprites/pokemon/other/official-artwork/770.png,85,75,110,100,75,35,,FALSE,,,,,,,,,,,FALSE,,,,,,,,,,
771,pyukumuku,water,"innards-out,unaware",https://raw.githubusercontent.com/PokeAPI/sprites/master/sprites/pokemon/other/official-artwork/771.png,55,60,130,30,130,5,,FALSE,,,,,,,,,,,FALSE,,,,,,,,,,
772,type-null,normal,battle-armor,https://raw.githubusercontent.com/PokeAPI/sprites/master/sprites/pokemon/other/official-artwork/772.png,95,95,95,95,95,59,Sub-Legendary,FALSE,,,,,,,,,,,FALSE,,,,,,,,,,
773,silvally,normal,rks-system,https://raw.githubusercontent.com/PokeAPI/sprites/master/sprites/pokemon/other/official-artwork/773.png,95,95,95,95,95,95,Sub-Legendary,FALSE,,,,,,,,,,,FALSE,,,,,,,,,,
774,minior-red-meteor,"rock,flying",shields-down,https://raw.githubusercontent.com/PokeAPI/sprites/master/sprites/pokemon/other/official-artwork/774.png,60,60,100,60,100,60,,FALSE,,,,,,,,,,,FALSE,,,,,,,,,,
775,komala,normal,comatose,https://raw.githubusercontent.com/PokeAPI/sprites/master/sprites/pokemon/other/official-artwork/775.png,65,115,65,75,95,65,,FALSE,,,,,,,,,,,FALSE,,,,,,,,,,
776,turtonator,"fire,dragon",shell-armor,https://raw.githubusercontent.com/PokeAPI/sprites/master/sprites/pokemon/other/official-artwork/776.png,60,78,135,91,85,36,,FALSE,,,,,,,,,,,FALSE,,,,,,,,,,
777,togedemaru,"electric,steel","iron-barbs,lightning-rod,sturdy",https://raw.githubusercontent.com/PokeAPI/sprites/master/sprites/pokemon/other/official-artwork/777.png,65,98,63,40,73,96,,FALSE,,,,,,,,,,,FALSE,,,,,,,,,,
778,mimikyu-disguised,"ghost,fairy",disguise,https://raw.githubusercontent.com/PokeAPI/sprites/master/sprites/pokemon/other/official-artwork/778.png,55,90,80,50,105,96,,FALSE,,,,,,,,,,,FALSE,,,,,,,,,,
779,bruxish,"water,psychic","dazzling,strong-jaw,wonder-skin",https://raw.githubusercontent.com/PokeAPI/sprites/master/sprites/pokemon/other/official-artwork/779.png,68,105,70,70,70,92,,FALSE,,,,,,,,,,,FALSE,,,,,,,,,,
780,drampa,"normal,dragon","berserk,sap-sipper,cloud-nine",https://raw.githubusercontent.com/PokeAPI/sprites/master/sprites/pokemon/other/official-artwork/780.png,78,60,85,135,91,36,,FALSE,,,,,,,,,,,FALSE,,,,,,,,,,
781,dhelmise,"ghost,grass",steelworker,https://raw.githubusercontent.com/PokeAPI/sprites/master/sprites/pokemon/other/official-artwork/781.png,70,131,100,86,90,40,,FALSE,,,,,,,,,,,FALSE,,,,,,,,,,
782,jangmo-o,dragon,"bulletproof,soundproof,overcoat",https://raw.githubusercontent.com/PokeAPI/sprites/master/sprites/pokemon/other/official-artwork/782.png,45,55,65,45,45,45,,FALSE,,,,,,,,,,,FALSE,,,,,,,,,,
783,hakamo-o,"dragon,fighting","bulletproof,soundproof,overcoat",https://raw.githubusercontent.com/PokeAPI/sprites/master/sprites/pokemon/other/official-artwork/783.png,55,75,90,65,70,65,,FALSE,,,,,,,,,,,FALSE,,,,,,,,,,
784,kommo-o,"dragon,fighting","bulletproof,soundproof,overcoat",https://raw.githubusercontent.com/PokeAPI/sprites/master/sprites/pokemon/other/official-artwork/784.png,75,110,125,100,105,85,,FALSE,,,,,,,,,,,FALSE,,,,,,,,,,
785,tapu-koko,"electric,fairy","electric-surge,telepathy",https://raw.githubusercontent.com/PokeAPI/sprites/master/sprites/pokemon/other/official-artwork/785.png,70,115,85,95,75,130,Sub-Legendary,FALSE,,,,,,,,,,,FALSE,,,,,,,,,,
786,tapu-lele,"psychic,fairy","psychic-surge,telepathy",https://raw.githubusercontent.com/PokeAPI/sprites/master/sprites/pokemon/other/official-artwork/786.png,70,85,75,130,115,95,Sub-Legendary,FALSE,,,,,,,,,,,FALSE,,,,,,,,,,
787,tapu-bulu,"grass,fairy","grassy-surge,telepathy",https://raw.githubusercontent.com/PokeAPI/sprites/master/sprites/pokemon/other/official-artwork/787.png,70,130,115,85,95,75,Sub-Legendary,FALSE,,,,,,,,,,,FALSE,,,,,,,,,,
788,tapu-fini,"water,fairy","misty-surge,telepathy",https://raw.githubusercontent.com/PokeAPI/sprites/master/sprites/pokemon/other/official-artwork/788.png,70,75,115,95,130,85,Sub-Legendary,FALSE,,,,,,,,,,,FALSE,,,,,,,,,,
789,cosmog,psychic,unaware,https://raw.githubusercontent.com/PokeAPI/sprites/master/sprites/pokemon/other/official-artwork/789.png,43,29,31,29,31,37,Legendary,FALSE,,,,,,,,,,,FALSE,,,,,,,,,,
790,cosmoem,psychic,sturdy,https://raw.githubusercontent.com/PokeAPI/sprites/master/sprites/pokemon/other/official-artwork/790.png,43,29,131,29,131,37,Legendary,FALSE,,,,,,,,,,,FALSE,,,,,,,,,,
791,solgaleo,"psychic,steel",full-metal-body,https://raw.githubusercontent.com/PokeAPI/sprites/master/sprites/pokemon/other/official-artwork/791.png,137,137,107,113,89,97,Legendary,FALSE,,,,,,,,,,,FALSE,,,,,,,,,,
792,lunala,"psychic,ghost",shadow-shield,https://raw.githubusercontent.com/PokeAPI/sprites/master/sprites/pokemon/other/official-artwork/792.png,137,113,89,137,107,97,Legendary,FALSE,,,,,,,,,,,FALSE,,,,,,,,,,
793,nihilego,"rock,poison",beast-boost,https://raw.githubusercontent.com/PokeAPI/sprites/master/sprites/pokemon/other/official-artwork/793.png,109,53,47,127,131,103,Ultra Beast,FALSE,,,,,,,,,,,FALSE,,,,,,,,,,
794,buzzwole,"bug,fighting",beast-boost,https://raw.githubusercontent.com/PokeAPI/sprites/master/sprites/pokemon/other/official-artwork/794.png,107,139,139,53,53,79,Ultra Beast,FALSE,,,,,,,,,,,FALSE,,,,,,,,,,
795,pheromosa,"bug,fighting",beast-boost,https://raw.githubusercontent.com/PokeAPI/sprites/master/sprites/pokemon/other/official-artwork/795.png,71,137,37,137,37,151,Ultra Beast,FALSE,,,,,,,,,,,FALSE,,,,,,,,,,
796,xurkitree,electric,beast-boost,https://raw.githubusercontent.com/PokeAPI/sprites/master/sprites/pokemon/other/official-artwork/796.png,83,89,71,173,71,83,Ultra Beast,FALSE,,,,,,,,,,,FALSE,,,,,,,,,,
797,celesteela,"steel,flying",beast-boost,https://raw.githubusercontent.com/PokeAPI/sprites/master/sprites/pokemon/other/official-artwork/797.png,97,101,103,107,101,61,Ultra Beast,FALSE,,,,,,,,,,,FALSE,,,,,,,,,,
798,kartana,"grass,steel",beast-boost,https://raw.githubusercontent.com/PokeAPI/sprites/master/sprites/pokemon/other/official-artwork/798.png,59,181,131,59,31,109,Ultra Beast,FALSE,,,,,,,,,,,FALSE,,,,,,,,,,
799,guzzlord,"dark,dragon",beast-boost,https://raw.githubusercontent.com/PokeAPI/sprites/master/sprites/pokemon/other/official-artwork/799.png,223,101,53,97,53,43,Ultra Beast,FALSE,,,,,,,,,,,FALSE,,,,,,,,,,
800,necrozma,psychic,prism-armor,https://raw.githubusercontent.com/PokeAPI/sprites/master/sprites/pokemon/other/official-artwork/800.png,97,107,101,127,89,79,Legendary,FALSE,,,,,,,,,,,FALSE,,,,,,,,,,
801,magearna,"steel,fairy",soul-heart,https://raw.githubusercontent.com/PokeAPI/sprites/master/sprites/pokemon/other/official-artwork/801.png,80,95,115,130,115,65,Mythical,FALSE,,,,,,,,,,,FALSE,,,,,,,,,,
802,marshadow,"fighting,ghost",technician,https://raw.githubusercontent.com/PokeAPI/sprites/master/sprites/pokemon/other/official-artwork/802.png,90,125,80,90,90,125,Mythical,FALSE,,,,,,,,,,,FALSE,,,,,,,,,,
803,poipole,poison,beast-boost,https://raw.githubusercontent.com/PokeAPI/sprites/master/sprites/pokemon/other/official-artwork/803.png,67,73,67,73,67,73,Ultra Beast,FALSE,,,,,,,,,,,FALSE,,,,,,,,,,
804,naganadel,"poison,dragon",beast-boost,https://raw.githubusercontent.com/PokeAPI/sprites/master/sprites/pokemon/other/official-artwork/804.png,73,73,73,127,73,121,Ultra Beast,FALSE,,,,,,,,,,,FALSE,,,,,,,,,,
805,stakataka,"rock,steel",beast-boost,https://raw.githubusercontent.com/PokeAPI/sprites/master/sprites/pokemon/other/official-artwork/805.png,61,131,211,53,101,13,Ultra Beast,FALSE,,,,,,,,,,,FALSE,,,,,,,,,,
806,blacephalon,"fire,ghost",beast-boost,https://raw.githubusercontent.com/PokeAPI/sprites/master/sprites/pokemon/other/official-artwork/806.png,53,127,53,151,79,107,Ultra Beast,FALSE,,,,,,,,,,,FALSE,,,,,,,,,,
807,zeraora,electric,volt-absorb,https://raw.githubusercontent.com/PokeAPI/sprites/master/sprites/pokemon/other/official-artwork/807.png,88,112,75,102,80,143,Mythical,FALSE,,,,,,,,,,,FALSE,,,,,,,,,,
808,meltan,steel,magnet-pull,https://raw.githubusercontent.com/PokeAPI/sprites/master/sprites/pokemon/other/official-artwork/808.png,46,65,65,55,35,34,Mythical,FALSE,,,,,,,,,,,FALSE,,,,,,,,,,
809,melmetal,steel,iron-fist,https://raw.githubusercontent.com/PokeAPI/sprites/master/sprites/pokemon/other/official-artwork/809.png,135,143,143,80,65,34,Mythical,FALSE,,,,,,,,,,,FALSE,,,,,,,,,,
810,grookey,grass,"overgrow,grassy-surge",https://raw.githubusercontent.com/PokeAPI/sprites/master/sprites/pokemon/other/official-artwork/810.png,50,65,50,40,40,65,,FALSE,,,,,,,,,,,FALSE,,,,,,,,,,
811,thwackey,grass,"overgrow,grassy-surge",https://raw.githubusercontent.com/PokeAPI/sprites/master/sprites/pokemon/other/official-artwork/811.png,70,85,70,55,60,80,,FALSE,,,,,,,,,,,FALSE,,,,,,,,,,
812,rillaboom,grass,"overgrow,grassy-surge",https://raw.githubusercontent.com/PokeAPI/sprites/master/sprites/pokemon/other/official-artwork/812.png,100,125,90,60,70,85,,FALSE,,,,,,,,,,,FALSE,,,,,,,,,,
813,scorbunny,fire,"blaze,libero",https://raw.githubusercontent.com/PokeAPI/sprites/master/sprites/pokemon/other/official-artwork/813.png,50,71,40,40,40,69,,FALSE,,,,,,,,,,,FALSE,,,,,,,,,,
814,raboot,fire,"blaze,libero",https://raw.githubusercontent.com/PokeAPI/sprites/master/sprites/pokemon/other/official-artwork/814.png,65,86,60,55,60,94,,FALSE,,,,,,,,,,,FALSE,,,,,,,,,,
815,cinderace,fire,"blaze,libero",https://raw.githubusercontent.com/PokeAPI/sprites/master/sprites/pokemon/other/official-artwork/815.png,80,116,75,65,75,119,,FALSE,,,,,,,,,,,FALSE,,,,,,,,,,
816,sobble,water,"torrent,sniper",https://raw.githubusercontent.com/PokeAPI/sprites/master/sprites/pokemon/other/official-artwork/816.png,50,40,40,70,40,70,,FALSE,,,,,,,,,,,FALSE,,,,,,,,,,
817,drizzile,water,"torrent,sniper",https://raw.githubusercontent.com/PokeAPI/sprites/master/sprites/pokemon/other/official-artwork/817.png,65,60,55,95,55,90,,FALSE,,,,,,,,,,,FALSE,,,,,,,,,,
818,inteleon,water,"torrent,sniper",https://raw.githubusercontent.com/PokeAPI/sprites/master/sprites/pokemon/other/official-artwork/818.png,70,85,65,125,65,120,,FALSE,,,,,,,,,,,FALSE,,,,,,,,,,
819,skwovet,normal,"cheek-pouch,gluttony",https://raw.githubusercontent.com/PokeAPI/sprites/master/sprites/pokemon/other/official-artwork/819.png,70,55,55,35,35,25,,FALSE,,,,,,,,,,,FALSE,,,,,,,,,,
820,greedent,normal,"cheek-pouch,gluttony",https://raw.githubusercontent.com/PokeAPI/sprites/master/sprites/pokemon/other/official-artwork/820.png,120,95,95,55,75,20,,FALSE,,,,,,,,,,,FALSE,,,,,,,,,,
821,rookidee,flying,"keen-eye,unnerve,big-pecks",https://raw.githubusercontent.com/PokeAPI/sprites/master/sprites/pokemon/other/official-artwork/821.png,38,47,35,33,35,57,,FALSE,,,,,,,,,,,FALSE,,,,,,,,,,
822,corvisquire,flying,"keen-eye,unnerve,big-pecks",https://raw.githubusercontent.com/PokeAPI/sprites/master/sprites/pokemon/other/official-artwork/822.png,68,67,55,43,55,77,,FALSE,,,,,,,,,,,FALSE,,,,,,,,,,
823,corviknight,"flying,steel","pressure,unnerve,mirror-armor",https://raw.githubusercontent.com/PokeAPI/sprites/master/sprites/pokemon/other/official-artwork/823.png,98,87,105,53,85,67,,FALSE,,,,,,,,,,,FALSE,,,,,,,,,,
824,blipbug,bug,"swarm,compound-eyes,telepathy",https://raw.githubusercontent.com/PokeAPI/sprites/master/sprites/pokemon/other/official-artwork/824.png,25,20,20,25,45,45,,FALSE,,,,,,,,,,,FALSE,,,,,,,,,,
825,dottler,"bug,psychic","swarm,compound-eyes,telepathy",https://raw.githubusercontent.com/PokeAPI/sprites/master/sprites/pokemon/other/official-artwork/825.png,50,35,80,50,90,30,,FALSE,,,,,,,,,,,FALSE,,,,,,,,,,
826,orbeetle,"bug,psychic","swarm,frisk,telepathy",https://raw.githubusercontent.com/PokeAPI/sprites/master/sprites/pokemon/other/official-artwork/826.png,60,45,110,80,120,90,,FALSE,,,,,,,,,,,FALSE,,,,,,,,,,
827,nickit,dark,"run-away,unburden,stakeout",https://raw.githubusercontent.com/PokeAPI/sprites/master/sprites/pokemon/other/official-artwork/827.png,40,28,28,47,52,50,,FALSE,,,,,,,,,,,FALSE,,,,,,,,,,
828,thievul,dark,"run-away,unburden,stakeout",https://raw.githubusercontent.com/PokeAPI/sprites/master/sprites/pokemon/other/official-artwork/828.png,70,58,58,87,92,90,,FALSE,,,,,,,,,,,FALSE,,,,,,,,,,
829,gossifleur,grass,"cotton-down,regenerator,effect-spore",https://raw.githubusercontent.com/PokeAPI/sprites/master/sprites/pokemon/other/official-artwork/829.png,40,40,60,40,60,10,,FALSE,,,,,,,,,,,FALSE,,,,,,,,,,
830,eldegoss,grass,"cotton-down,regenerator,effect-spore",https://raw.githubusercontent.com/PokeAPI/sprites/master/sprites/pokemon/other/official-artwork/830.png,60,50,90,80,120,60,,FALSE,,,,,,,,,,,FALSE,,,,,,,,,,
831,wooloo,normal,"fluffy,run-away,bulletproof",https://raw.githubusercontent.com/PokeAPI/sprites/master/sprites/pokemon/other/official-artwork/831.png,42,40,55,40,45,48,,FALSE,,,,,,,,,,,FALSE,,,,,,,,,,
832,dubwool,normal,"fluffy,steadfast,bulletproof",https://raw.githubusercontent.com/PokeAPI/sprites/master/sprites/pokemon/other/official-artwork/832.png,72,80,100,60,90,88,,FALSE,,,,,,,,,,,FALSE,,,,,,,,,,
833,chewtle,water,"strong-jaw,shell-armor,swift-swim",https://raw.githubusercontent.com/PokeAPI/sprites/master/sprites/pokemon/other/official-artwork/833.png,50,64,50,38,38,44,,FALSE,,,,,,,,,,,FALSE,,,,,,,,,,
834,drednaw,"water,rock","strong-jaw,shell-armor,swift-swim",https://raw.githubusercontent.com/PokeAPI/sprites/master/sprites/pokemon/other/official-artwork/834.png,90,115,90,48,68,74,,FALSE,,,,,,,,,,,FALSE,,,,,,,,,,
835,yamper,electric,"ball-fetch,rattled",https://raw.githubusercontent.com/PokeAPI/sprites/master/sprites/pokemon/other/official-artwork/835.png,59,45,50,40,50,26,,FALSE,,,,,,,,,,,FALSE,,,,,,,,,,
836,boltund,electric,"strong-jaw,competitive",https://raw.githubusercontent.com/PokeAPI/sprites/master/sprites/pokemon/other/official-artwork/836.png,69,90,60,90,60,121,,FALSE,,,,,,,,,,,FALSE,,,,,,,,,,
837,rolycoly,rock,"steam-engine,heatproof,flash-fire",https://raw.githubusercontent.com/PokeAPI/sprites/master/sprites/pokemon/other/official-artwork/837.png,30,40,50,40,50,30,,FALSE,,,,,,,,,,,FALSE,,,,,,,,,,
838,carkol,"rock,fire","steam-engine,flame-body,flash-fire",https://raw.githubusercontent.com/PokeAPI/sprites/master/sprites/pokemon/other/official-artwork/838.png,80,60,90,60,70,50,,FALSE,,,,,,,,,,,FALSE,,,,,,,,,,
839,coalossal,"rock,fire","steam-engine,flame-body,flash-fire",https://raw.githubusercontent.com/PokeAPI/sprites/master/sprites/pokemon/other/official-artwork/839.png,110,80,120,80,90,30,,FALSE,,,,,,,,,,,FALSE,,,,,,,,,,
840,applin,"grass,dragon","ripen,gluttony,bulletproof",https://raw.githubusercontent.com/PokeAPI/sprites/master/sprites/pokemon/other/official-artwork/840.png,40,40,80,40,40,20,,FALSE,,,,,,,,,,,FALSE,,,,,,,,,,
841,flapple,"grass,dragon","ripen,gluttony,hustle",https://raw.githubusercontent.com/PokeAPI/sprites/master/sprites/pokemon/other/official-artwork/841.png,70,110,80,95,60,70,,FALSE,,,,,,,,,,,FALSE,,,,,,,,,,
842,appletun,"grass,dragon","ripen,gluttony,thick-fat",https://raw.githubusercontent.com/PokeAPI/sprites/master/sprites/pokemon/other/official-artwork/842.png,110,85,80,100,80,30,,FALSE,,,,,,,,,,,FALSE,,,,,,,,,,
843,silicobra,ground,"sand-spit,shed-skin,sand-veil",https://raw.githubusercontent.com/PokeAPI/sprites/master/sprites/pokemon/other/official-artwork/843.png,52,57,75,35,50,46,,FALSE,,,,,,,,,,,FALSE,,,,,,,,,,
844,sandaconda,ground,"sand-spit,shed-skin,sand-veil",https://raw.githubusercontent.com/PokeAPI/sprites/master/sprites/pokemon/other/official-artwork/844.png,72,107,125,65,70,71,,FALSE,,,,,,,,,,,FALSE,,,,,,,,,,
845,cramorant,"flying,water",gulp-missile,https://raw.githubusercontent.com/PokeAPI/sprites/master/sprites/pokemon/other/official-artwork/845.png,70,85,55,85,95,85,,FALSE,,,,,,,,,,,FALSE,,,,,,,,,,
846,arrokuda,water,"swift-swim,propeller-tail",https://raw.githubusercontent.com/PokeAPI/sprites/master/sprites/pokemon/other/official-artwork/846.png,41,63,40,40,30,66,,FALSE,,,,,,,,,,,FALSE,,,,,,,,,,
847,barraskewda,water,"swift-swim,propeller-tail",https://raw.githubusercontent.com/PokeAPI/sprites/master/sprites/pokemon/other/official-artwork/847.png,61,123,60,60,50,136,,FALSE,,,,,,,,,,,FALSE,,,,,,,,,,
848,toxel,"electric,poison","rattled,static,klutz",https://raw.githubusercontent.com/PokeAPI/sprites/master/sprites/pokemon/other/official-artwork/848.png,40,38,35,54,35,40,,FALSE,,,,,,,,,,,FALSE,,,,,,,,,,
849,toxtricity-amped,"electric,poison","punk-rock,plus,technician",https://raw.githubusercontent.com/PokeAPI/sprites/master/sprites/pokemon/other/official-artwork/849.png,75,98,70,114,70,75,,FALSE,,,,,,,,,,,FALSE,,,,,,,,,,
850,sizzlipede,"fire,bug","flash-fire,white-smoke,flame-body",https://raw.githubusercontent.com/PokeAPI/sprites/master/sprites/pokemon/other/official-artwork/850.png,50,65,45,50,50,45,,FALSE,,,,,,,,,,,FALSE,,,,,,,,,,
851,centiskorch,"fire,bug","flash-fire,white-smoke,flame-body",https://raw.githubusercontent.com/PokeAPI/sprites/master/sprites/pokemon/other/official-artwork/851.png,100,115,65,90,90,65,,FALSE,,,,,,,,,,,FALSE,,,,,,,,,,
852,clobbopus,fighting,"limber,technician",https://raw.githubusercontent.com/PokeAPI/sprites/master/sprites/pokemon/other/official-artwork/852.png,50,68,60,50,50,32,,FALSE,,,,,,,,,,,FALSE,,,,,,,,,,
853,grapploct,fighting,"limber,technician",https://raw.githubusercontent.com/PokeAPI/sprites/master/sprites/pokemon/other/official-artwork/853.png,80,118,90,70,80,42,,FALSE,,,,,,,,,,,FALSE,,,,,,,,,,
854,sinistea,ghost,"weak-armor,cursed-body",https://raw.githubusercontent.com/PokeAPI/sprites/master/sprites/pokemon/other/official-artwork/854.png,40,45,45,74,54,50,,FALSE,,,,,,,,,,,FALSE,,,,,,,,,,
855,polteageist,ghost,"weak-armor,cursed-body",https://raw.githubusercontent.com/PokeAPI/sprites/master/sprites/pokemon/other/official-artwork/855.png,60,65,65,134,114,70,,FALSE,,,,,,,,,,,FALSE,,,,,,,,,,
856,hatenna,psychic,"healer,anticipation,magic-bounce",https://raw.githubusercontent.com/PokeAPI/sprites/master/sprites/pokemon/other/official-artwork/856.png,42,30,45,56,53,39,,FALSE,,,,,,,,,,,FALSE,,,,,,,,,,
857,hattrem,psychic,"healer,anticipation,magic-bounce",https://raw.githubusercontent.com/PokeAPI/sprites/master/sprites/pokemon/other/official-artwork/857.png,57,40,65,86,73,49,,FALSE,,,,,,,,,,,FALSE,,,,,,,,,,
858,hatterene,"psychic,fairy","healer,anticipation,magic-bounce",https://raw.githubusercontent.com/PokeAPI/sprites/master/sprites/pokemon/other/official-artwork/858.png,57,90,95,136,103,29,,FALSE,,,,,,,,,,,FALSE,,,,,,,,,,
859,impidimp,"dark,fairy","prankster,frisk,pickpocket",https://raw.githubusercontent.com/PokeAPI/sprites/master/sprites/pokemon/other/official-artwork/859.png,45,45,30,55,40,50,,FALSE,,,,,,,,,,,FALSE,,,,,,,,,,
860,morgrem,"dark,fairy","prankster,frisk,pickpocket",https://raw.githubusercontent.com/PokeAPI/sprites/master/sprites/pokemon/other/official-artwork/860.png,65,60,45,75,55,70,,FALSE,,,,,,,,,,,FALSE,,,,,,,,,,
861,grimmsnarl,"dark,fairy","prankster,frisk,pickpocket",https://raw.githubusercontent.com/PokeAPI/sprites/master/sprites/pokemon/other/official-artwork/861.png,95,120,65,95,75,60,,FALSE,,,,,,,,,,,FALSE,,,,,,,,,,
862,obstagoon,"dark,normal","reckless,guts,defiant",https://raw.githubusercontent.com/PokeAPI/sprites/master/sprites/pokemon/other/official-artwork/862.png,93,90,101,60,81,95,,FALSE,,,,,,,,,,,FALSE,,,,,,,,,,
863,perrserker,steel,"battle-armor,tough-claws,steely-spirit",https://raw.githubusercontent.com/PokeAPI/sprites/master/sprites/pokemon/other/official-artwork/863.png,70,110,100,50,60,50,,FALSE,,,,,,,,,,,FALSE,,,,,,,,,,
864,cursola,ghost,"weak-armor,perish-body",https://raw.githubusercontent.com/PokeAPI/sprites/master/sprites/pokemon/other/official-artwork/864.png,60,95,50,145,130,30,,FALSE,,,,,,,,,,,FALSE,,,,,,,,,,
865,sirfetchd,fighting,"steadfast,scrappy",https://raw.githubusercontent.com/PokeAPI/sprites/master/sprites/pokemon/other/official-artwork/865.png,62,135,95,68,82,65,,FALSE,,,,,,,,,,,FALSE,,,,,,,,,,
866,mr-rime,"ice,psychic","tangled-feet,screen-cleaner,ice-body",https://raw.githubusercontent.com/PokeAPI/sprites/master/sprites/pokemon/other/official-artwork/866.png,80,85,75,110,100,70,,FALSE,,,,,,,,,,,FALSE,,,,,,,,,,
867,runerigus,"ground,ghost",wandering-spirit,https://raw.githubusercontent.com/PokeAPI/sprites/master/sprites/pokemon/other/official-artwork/867.png,58,95,145,50,105,30,,FALSE,,,,,,,,,,,FALSE,,,,,,,,,,
868,milcery,fairy,"sweet-veil,aroma-veil",https://raw.githubusercontent.com/PokeAPI/sprites/master/sprites/pokemon/other/official-artwork/868.png,45,40,40,50,61,34,,FALSE,,,,,,,,,,,FALSE,,,,,,,,,,
869,alcremie,fairy,"sweet-veil,aroma-veil",https://raw.githubusercontent.com/PokeAPI/sprites/master/sprites/pokemon/other/official-artwork/869.png,65,60,75,110,121,64,,FALSE,,,,,,,,,,,FALSE,,,,,,,,,,
870,falinks,fighting,"battle-armor,defiant",https://raw.githubusercontent.com/PokeAPI/sprites/master/sprites/pokemon/other/official-artwork/870.png,65,100,100,70,60,75,,FALSE,,,,,,,,,,,FALSE,,,,,,,,,,
871,pincurchin,electric,"lightning-rod,electric-surge",https://raw.githubusercontent.com/PokeAPI/sprites/master/sprites/pokemon/other/official-artwork/871.png,48,101,95,91,85,15,,FALSE,,,,,,,,,,,FALSE,,,,,,,,,,
872,snom,"ice,bug","shield-dust,ice-scales",https://raw.githubusercontent.com/PokeAPI/sprites/master/sprites/pokemon/other/official-artwork/872.png,30,25,35,45,30,20,,FALSE,,,,,,,,,,,FALSE,,,,,,,,,,
873,frosmoth,"ice,bug","shield-dust,ice-scales",https://raw.githubusercontent.com/PokeAPI/sprites/master/sprites/pokemon/other/official-artwork/873.png,70,65,60,125,90,65,,FALSE,,,,,,,,,,,FALSE,,,,,,,,,,
874,stonjourner,rock,power-spot,https://raw.githubusercontent.com/PokeAPI/sprites/master/sprites/pokemon/other/official-artwork/874.png,100,125,135,20,20,70,,FALSE,,,,,,,,,,,FALSE,,,,,,,,,,
875,eiscue-ice,ice,ice-face,https://raw.githubusercontent.com/PokeAPI/sprites/master/sprites/pokemon/other/official-artwork/875.png,75,80,110,65,90,50,,FALSE,,,,,,,,,,,FALSE,,,,,,,,,,
876,indeedee-male,"psychic,normal","inner-focus,synchronize,psychic-surge",https://raw.githubusercontent.com/PokeAPI/sprites/master/sprites/pokemon/other/official-artwork/876.png,60,65,55,105,95,95,,FALSE,,,,,,,,,,,FALSE,,,,,,,,,,
877,morpeko-full-belly,"electric,dark",hunger-switch,https://raw.githubusercontent.com/PokeAPI/sprites/master/sprites/pokemon/other/official-artwork/877.png,58,95,58,70,58,97,,FALSE,,,,,,,,,,,FALSE,,,,,,,,,,
878,cufant,steel,"sheer-force,heavy-metal",https://raw.githubusercontent.com/PokeAPI/sprites/master/sprites/pokemon/other/official-artwork/878.png,72,80,49,40,49,40,,FALSE,,,,,,,,,,,FALSE,,,,,,,,,,
879,copperajah,steel,"sheer-force,heavy-metal",https://raw.githubusercontent.com/PokeAPI/sprites/master/sprites/pokemon/other/official-artwork/879.png,122,130,69,80,69,30,,FALSE,,,,,,,,,,,FALSE,,,,,,,,,,
880,dracozolt,"electric,dragon","volt-absorb,hustle,sand-rush",https://raw.githubusercontent.com/PokeAPI/sprites/master/sprites/pokemon/other/official-artwork/880.png,90,100,90,80,70,75,,FALSE,,,,,,,,,,,FALSE,,,,,,,,,,
881,arctozolt,"electric,ice","volt-absorb,static,slush-rush",https://raw.githubusercontent.com/PokeAPI/sprites/master/sprites/pokemon/other/official-artwork/881.png,90,100,90,90,80,55,,FALSE,,,,,,,,,,,FALSE,,,,,,,,,,
882,dracovish,"water,dragon","water-absorb,strong-jaw,sand-rush",https://raw.githubusercontent.com/PokeAPI/sprites/master/sprites/pokemon/other/official-artwork/882.png,90,90,100,70,80,75,,FALSE,,,,,,,,,,,FALSE,,,,,,,,,,
883,arctovish,"water,ice","water-absorb,ice-body,slush-rush",https://raw.githubusercontent.com/PokeAPI/sprites/master/sprites/pokemon/other/official-artwork/883.png,90,90,100,80,90,55,,FALSE,,,,,,,,,,,FALSE,,,,,,,,,,
884,duraludon,"steel,dragon","light-metal,heavy-metal,stalwart",https://raw.githubusercontent.com/PokeAPI/sprites/master/sprites/pokemon/other/official-artwork/884.png,70,95,115,120,50,85,,FALSE,,,,,,,,,,,FALSE,,,,,,,,,,
885,dreepy,"dragon,ghost","clear-body,infiltrator,cursed-body",https://raw.githubusercontent.com/PokeAPI/sprites/master/sprites/pokemon/other/official-artwork/885.png,28,60,30,40,30,82,,FALSE,,,,,,,,,,,FALSE,,,,,,,,,,
886,drakloak,"dragon,ghost","clear-body,infiltrator,cursed-body",https://raw.githubusercontent.com/PokeAPI/sprites/master/sprites/pokemon/other/official-artwork/886.png,68,80,50,60,50,102,,FALSE,,,,,,,,,,,FALSE,,,,,,,,,,
887,dragapult,"dragon,ghost","clear-body,infiltrator,cursed-body",https://raw.githubusercontent.com/PokeAPI/sprites/master/sprites/pokemon/other/official-artwork/887.png,88,120,75,100,75,142,,FALSE,,,,,,,,,,,FALSE,,,,,,,,,,
888,zacian,fairy,intrepid-sword,https://raw.githubusercontent.com/PokeAPI/sprites/master/sprites/pokemon/other/official-artwork/888.png,92,120,115,80,115,138,Legendary,FALSE,,,,,,,,,,,FALSE,,,,,,,,,,
889,zamazenta,fighting,dauntless-shield,https://raw.githubusercontent.com/PokeAPI/sprites/master/sprites/pokemon/other/official-artwork/889.png,92,120,115,80,115,138,Legendary,FALSE,,,,,,,,,,,FALSE,,,,,,,,,,
890,eternatus,"poison,dragon",pressure,https://raw.githubusercontent.com/PokeAPI/sprites/master/sprites/pokemon/other/official-artwork/890.png,140,85,95,145,95,130,Legendary,FALSE,,,,,,,,,,,FALSE,,,,,,,,,,
891,kubfu,fighting,inner-focus,https://raw.githubusercontent.com/PokeAPI/sprites/master/sprites/pokemon/other/official-artwork/891.png,60,90,60,53,50,72,Sub-Legendary,FALSE,,,,,,,,,,,FALSE,,,,,,,,,,
892,urshifu-single-strike,"fighting,dark",unseen-fist,https://raw.githubusercontent.com/PokeAPI/sprites/master/sprites/pokemon/other/official-artwork/892.png,100,130,100,63,60,97,Legendary,FALSE,,,,,,,,,,,FALSE,,,,,,,,,,
893,zarude,"dark,grass",leaf-guard,https://raw.githubusercontent.com/PokeAPI/sprites/master/sprites/pokemon/other/official-artwork/893.png,105,120,105,70,95,105,Mythical,FALSE,,,,,,,,,,,FALSE,,,,,,,,,,
894,regieleki,electric,transistor,https://raw.githubusercontent.com/PokeAPI/sprites/master/sprites/pokemon/other/official-artwork/894.png,80,100,50,100,50,200,Sub-Legendary,FALSE,,,,,,,,,,,FALSE,,,,,,,,,,
895,regidrago,dragon,dragons-maw,https://raw.githubusercontent.com/PokeAPI/sprites/master/sprites/pokemon/other/official-artwork/895.png,200,100,50,100,50,80,Sub-Legendary,FALSE,,,,,,,,,,,FALSE,,,,,,,,,,
896,glastrier,ice,chilling-neigh,https://raw.githubusercontent.com/PokeAPI/sprites/master/sprites/pokemon/other/official-artwork/896.png,100,145,130,65,110,30,Sub-Legendary,FALSE,,,,,,,,,,,FALSE,,,,,,,,,,
897,spectrier,ghost,grim-neigh,https://raw.githubusercontent.com/PokeAPI/sprites/master/sprites/pokemon/other/official-artwork/897.png,100,65,60,145,80,130,Sub-Legendary,FALSE,,,,,,,,,,,FALSE,,,,,,,,,,
898,calyrex,"psychic,grass",unnerve,https://raw.githubusercontent.com/PokeAPI/sprites/master/sprites/pokemon/other/official-artwork/898.png,100,80,80,80,80,80,Legendary,FALSE,,,,,,,,,,,FALSE,,,,,,,,,,
899,wyrdeer,"normal,psychic","intimidate,frisk,sap-sipper",https://raw.githubusercontent.com/PokeAPI/sprites/master/sprites/pokemon/other/official-artwork/899.png,103,105,72,105,75,65,,FALSE,,,,,,,,,,,FALSE,,,,,,,,,,
900,kleavor,"bug,rock","swarm,sheer-force,sharpness",https://raw.githubusercontent.com/PokeAPI/sprites/master/sprites/pokemon/other/official-artwork/900.png,70,135,95,45,70,85,,FALSE,,,,,,,,,,,FALSE,,,,,,,,,,
901,ursaluna,"ground,normal","guts,bulletproof,unnerve",https://raw.githubusercontent.com/PokeAPI/sprites/master/sprites/pokemon/other/official-artwork/901.png,130,140,105,45,80,50,,FALSE,,,,,,,,,,,FALSE,,,,,,,,,,
902,basculegion-male,"water,ghost","swift-swim,adaptability,mold-breaker",https://raw.githubusercontent.com/PokeAPI/sprites/master/sprites/pokemon/other/official-artwork/902.png,120,112,65,80,75,78,,FALSE,,,,,,,,,,,FALSE,,,,,,,,,,
903,sneasler,"fighting,poison","pressure,unburden,poison-touch",https://raw.githubusercontent.com/PokeAPI/sprites/master/sprites/pokemon/other/official-artwork/903.png,80,130,60,40,80,120,,FALSE,,,,,,,,,,,FALSE,,,,,,,,,,
904,overqwil,"dark,poison","poison-point,swift-swim,intimidate",https://raw.githubusercontent.com/PokeAPI/sprites/master/sprites/pokemon/other/official-artwork/904.png,85,115,95,65,65,85,,FALSE,,,,,,,,,,,FALSE,,,,,,,,,,
905,enamorus-incarnate,"fairy,flying","cute-charm,contrary",https://raw.githubusercontent.com/PokeAPI/sprites/master/sprites/pokemon/other/official-artwork/905.png,74,115,70,135,80,106,Legendary,FALSE,,,,,,,,,,,FALSE,,,,,,,,,,
906,sprigatito,grass,"overgrow,protean",https://raw.githubusercontent.com/PokeAPI/sprites/master/sprites/pokemon/other/official-artwork/906.png,40,61,54,45,45,65,,FALSE,,,,,,,,,,,FALSE,,,,,,,,,,
907,floragato,grass,"overgrow,protean",https://raw.githubusercontent.com/PokeAPI/sprites/master/sprites/pokemon/other/official-artwork/907.png,61,80,63,60,63,83,,FALSE,,,,,,,,,,,FALSE,,,,,,,,,,
908,meowscarada,"grass,dark","overgrow,protean",https://raw.githubusercontent.com/PokeAPI/sprites/master/sprites/pokemon/other/official-artwork/908.png,76,110,70,81,70,123,,FALSE,,,,,,,,,,,FALSE,,,,,,,,,,
909,fuecoco,fire,"blaze,unaware",https://raw.githubusercontent.com/PokeAPI/sprites/master/sprites/pokemon/other/official-artwork/909.png,67,45,59,63,40,36,,FALSE,,,,,,,,,,,FALSE,,,,,,,,,,
910,crocalor,fire,"blaze,unaware",https://raw.githubusercontent.com/PokeAPI/sprites/master/sprites/pokemon/other/official-artwork/910.png,81,55,78,90,58,49,,FALSE,,,,,,,,,,,FALSE,,,,,,,,,,
911,skeledirge,"fire,ghost","blaze,unaware",https://raw.githubusercontent.com/PokeAPI/sprites/master/sprites/pokemon/other/official-artwork/911.png,104,75,100,110,75,66,,FALSE,,,,,,,,,,,FALSE,,,,,,,,,,
912,quaxly,water,"torrent,moxie",https://raw.githubusercontent.com/PokeAPI/sprites/master/sprites/pokemon/other/official-artwork/912.png,55,65,45,50,45,50,,FALSE,,,,,,,,,,,FALSE,,,,,,,,,,
913,quaxwell,water,"torrent,moxie",https://raw.githubusercontent.com/PokeAPI/sprites/master/sprites/pokemon/other/official-artwork/913.png,70,85,65,65,60,65,,FALSE,,,,,,,,,,,FALSE,,,,,,,,,,
914,quaquaval,"water,fighting","torrent,moxie",https://raw.githubusercontent.com/PokeAPI/sprites/master/sprites/pokemon/other/official-artwork/914.png,85,120,80,85,75,85,,FALSE,,,,,,,,,,,FALSE,,,,,,,,,,
915,lechonk,normal,"aroma-veil,gluttony,thick-fat",https://raw.githubusercontent.com/PokeAPI/sprites/master/sprites/pokemon/other/official-artwork/915.png,54,45,40,35,45,35,,FALSE,,,,,,,,,,,FALSE,,,,,,,,,,
916,oinkologne-male,normal,"lingering-aroma,gluttony,thick-fat",https://raw.githubusercontent.com/PokeAPI/sprites/master/sprites/pokemon/other/official-artwork/916.png,110,100,75,59,80,65,,FALSE,,,,,,,,,,,FALSE,,,,,,,,,,
917,tarountula,bug,"insomnia,stakeout",https://raw.githubusercontent.com/PokeAPI/sprites/master/sprites/pokemon/other/official-artwork/917.png,35,41,45,29,40,20,,FALSE,,,,,,,,,,,FALSE,,,,,,,,,,
918,spidops,bug,"insomnia,stakeout",https://raw.githubusercontent.com/PokeAPI/sprites/master/sprites/pokemon/other/official-artwork/918.png,60,79,92,52,86,35,,FALSE,,,,,,,,,,,FALSE,,,,,,,,,,
919,nymble,bug,"swarm,tinted-lens",https://raw.githubusercontent.com/PokeAPI/sprites/master/sprites/pokemon/other/official-artwork/919.png,33,46,40,21,25,45,,FALSE,,,,,,,,,,,FALSE,,,,,,,,,,
920,lokix,"bug,dark","swarm,tinted-lens",https://raw.githubusercontent.com/PokeAPI/sprites/master/sprites/pokemon/other/official-artwork/920.png,71,102,78,52,55,92,,FALSE,,,,,,,,,,,FALSE,,,,,,,,,,
921,pawmi,electric,"static,natural-cure,iron-fist",https://raw.githubusercontent.com/PokeAPI/sprites/master/sprites/pokemon/other/official-artwork/921.png,45,50,20,40,25,60,,FALSE,,,,,,,,,,,FALSE,,,,,,,,,,
922,pawmo,"electric,fighting","volt-absorb,natural-cure,iron-fist",https://raw.githubusercontent.com/PokeAPI/sprites/master/sprites/pokemon/other/official-artwork/922.png,60,75,40,50,40,85,,FALSE,,,,,,,,,,,FALSE,,,,,,,,,,
923,pawmot,"electric,fighting","volt-absorb,natural-cure,iron-fist",https://raw.githubusercontent.com/PokeAPI/sprites/master/sprites/pokemon/other/official-artwork/923.png,70,115,70,70,60,105,,FALSE,,,,,,,,,,,FALSE,,,,,,,,,,
924,tandemaus,normal,"run-away,pickup,own-tempo",https://raw.githubusercontent.com/PokeAPI/sprites/master/sprites/pokemon/other/official-artwork/924.png,50,50,45,40,45,75,,FALSE,,,,,,,,,,,FALSE,,,,,,,,,,
925,maushold-family-of-four,normal,"friend-guard,cheek-pouch,technician",https://raw.githubusercontent.com/PokeAPI/sprites/master/sprites/pokemon/other/official-artwork/925.png,74,75,70,65,75,111,,FALSE,,,,,,,,,,,FALSE,,,,,,,,,,
926,fidough,fairy,"own-tempo,klutz",https://raw.githubusercontent.com/PokeAPI/sprites/master/sprites/pokemon/other/official-artwork/926.png,37,55,70,30,55,65,,FALSE,,,,,,,,,,,FALSE,,,,,,,,,,
927,dachsbun,fairy,"well-baked-body,aroma-veil",https://raw.githubusercontent.com/PokeAPI/sprites/master/sprites/pokemon/other/official-artwork/927.png,57,80,115,50,80,95,,FALSE,,,,,,,,,,,FALSE,,,,,,,,,,
928,smoliv,"grass,normal","early-bird,harvest",https://raw.githubusercontent.com/PokeAPI/sprites/master/sprites/pokemon/other/official-artwork/928.png,41,35,45,58,51,30,,FALSE,,,,,,,,,,,FALSE,,,,,,,,,,
929,dolliv,"grass,normal","early-bird,harvest",https://raw.githubusercontent.com/PokeAPI/sprites/master/sprites/pokemon/other/official-artwork/929.png,52,53,60,78,78,33,,FALSE,,,,,,,,,,,FALSE,,,,,,,,,,
930,arboliva,"grass,normal","seed-sower,harvest",https://raw.githubusercontent.com/PokeAPI/sprites/master/sprites/pokemon/other/official-artwork/930.png,78,69,90,125,109,39,,FALSE,,,,,,,,,,,FALSE,,,,,,,,,,
931,squawkabilly-green-plumage,"normal,flying","intimidate,hustle,guts",https://raw.githubusercontent.com/PokeAPI/sprites/master/sprites/pokemon/other/official-artwork/931.png,82,96,51,45,51,92,,FALSE,,,,,,,,,,,FALSE,,,,,,,,,,
932,nacli,rock,"purifying-salt,sturdy,clear-body",https://raw.githubusercontent.com/PokeAPI/sprites/master/sprites/pokemon/other/official-artwork/932.png,55,55,75,35,35,25,,FALSE,,,,,,,,,,,FALSE,,,,,,,,,,
933,naclstack,rock,"purifying-salt,sturdy,clear-body",https://raw.githubusercontent.com/PokeAPI/sprites/master/sprites/pokemon/other/official-artwork/933.png,60,60,100,35,65,35,,FALSE,,,,,,,,,,,FALSE,,,,,,,,,,
934,garganacl,rock,"purifying-salt,sturdy,clear-body",https://raw.githubusercontent.com/PokeAPI/sprites/master/sprites/pokemon/other/official-artwork/934.png,100,100,130,45,90,35,,FALSE,,,,,,,,,,,FALSE,,,,,,,,,,
935,charcadet,fire,"flash-fire,flame-body",https://raw.githubusercontent.com/PokeAPI/sprites/master/sprites/pokemon/other/official-artwork/935.png,40,50,40,50,40,35,,FALSE,,,,,,,,,,,FALSE,,,,,,,,,,
936,armarouge,"fire,psychic","flash-fire,weak-armor",https://raw.githubusercontent.com/PokeAPI/sprites/master/sprites/pokemon/other/official-artwork/936.png,85,60,100,125,80,75,,FALSE,,,,,,,,,,,FALSE,,,,,,,,,,
937,ceruledge,"fire,ghost","flash-fire,weak-armor",https://raw.githubusercontent.com/PokeAPI/sprites/master/sprites/pokemon/other/official-artwork/937.png,75,125,80,60,100,85,,FALSE,,,,,,,,,,,FALSE,,,,,,,,,,
938,tadbulb,electric,"own-tempo,static,damp",https://raw.githubusercontent.com/PokeAPI/sprites/master/sprites/pokemon/other/official-artwork/938.png,61,31,41,59,35,45,,FALSE,,,,,,,,,,,FALSE,,,,,,,,,,
939,bellibolt,electric,"electromorphosis,static,damp",https://raw.githubusercontent.com/PokeAPI/sprites/master/sprites/pokemon/other/official-artwork/939.png,109,64,91,103,83,45,,FALSE,,,,,,,,,,,FALSE,,,,,,,,,,
940,wattrel,"electric,flying","wind-power,volt-absorb,competitive",https://raw.githubusercontent.com/PokeAPI/sprites/master/sprites/pokemon/other/official-artwork/940.png,40,40,35,55,40,70,,FALSE,,,,,,,,,,,FALSE,,,,,,,,,,
941,kilowattrel,"electric,flying","wind-power,volt-absorb,competitive",https://raw.githubusercontent.com/PokeAPI/sprites/master/sprites/pokemon/other/official-artwork/941.png,70,70,60,105,60,125,,FALSE,,,,,,,,,,,FALSE,,,,,,,,,,
942,maschiff,dark,"intimidate,run-away,stakeout",https://raw.githubusercontent.com/PokeAPI/sprites/master/sprites/pokemon/other/official-artwork/942.png,60,78,60,40,51,51,,FALSE,,,,,,,,,,,FALSE,,,,,,,,,,
943,mabosstiff,dark,"intimidate,guard-dog,stakeout",https://raw.githubusercontent.com/PokeAPI/sprites/master/sprites/pokemon/other/official-artwork/943.png,80,120,90,60,70,85,,FALSE,,,,,,,,,,,FALSE,,,,,,,,,,
944,shroodle,"poison,normal","unburden,pickpocket,prankster",https://raw.githubusercontent.com/PokeAPI/sprites/master/sprites/pokemon/other/official-artwork/944.png,40,65,35,40,35,75,,FALSE,,,,,,,,,,,FALSE,,,,,,,,,,
945,grafaiai,"poison,normal","unburden,poison-touch,prankster",https://raw.githubusercontent.com/PokeAPI/sprites/master/sprites/pokemon/other/official-artwork/945.png,63,95,65,80,72,110,,FALSE,,,,,,,,,,,FALSE,,,,,,,,,,
946,bramblin,"grass,ghost","wind-rider,infiltrator",https://raw.githubusercontent.com/PokeAPI/sprites/master/sprites/pokemon/other/official-artwork/946.png,40,65,30,45,35,60,,FALSE,,,,,,,,,,,FALSE,,,,,,,,,,
947,brambleghast,"grass,ghost","wind-rider,infiltrator",https://raw.githubusercontent.com/PokeAPI/sprites/master/sprites/pokemon/other/official-artwork/947.png,55,115,70,80,70,90,,FALSE,,,,,,,,,,,FALSE,,,,,,,,,,
948,toedscool,"ground,grass","mycelium-might,mycelium-might",https://raw.githubusercontent.com/PokeAPI/sprites/master/sprites/pokemon/other/official-artwork/948.png,40,40,35,50,100,70,,FALSE,,,,,,,,,,,FALSE,,,,,,,,,,
949,toedscruel,"ground,grass","mycelium-might,mycelium-might",https://raw.githubusercontent.com/PokeAPI/sprites/master/sprites/pokemon/other/official-artwork/949.png,80,70,65,80,120,100,,FALSE,,,,,,,,,,,FALSE,,,,,,,,,,
950,klawf,rock,"anger-shell,shell-armor,regenerator",https://raw.githubusercontent.com/PokeAPI/sprites/master/sprites/pokemon/other/official-artwork/950.png,70,100,115,35,55,75,,FALSE,,,,,,,,,,,FALSE,,,,,,,,,,
951,capsakid,grass,"chlorophyll,insomnia,klutz",https://raw.githubusercontent.com/PokeAPI/sprites/master/sprites/pokemon/other/official-artwork/951.png,50,62,40,62,40,50,,FALSE,,,,,,,,,,,FALSE,,,,,,,,,,
952,scovillain,"grass,fire","chlorophyll,insomnia,moody",https://raw.githubusercontent.com/PokeAPI/sprites/master/sprites/pokemon/other/official-artwork/952.png,65,108,65,108,65,75,,FALSE,,,,,,,,,,,FALSE,,,,,,,,,,
953,rellor,bug,"compound-eyes,shed-skin",https://raw.githubusercontent.com/PokeAPI/sprites/master/sprites/pokemon/other/official-artwork/953.png,41,50,60,31,58,30,,FALSE,,,,,,,,,,,FALSE,,,,,,,,,,
954,rabsca,"bug,psychic","synchronize,telepathy",https://raw.githubusercontent.com/PokeAPI/sprites/master/sprites/pokemon/other/official-artwork/954.png,75,50,85,115,100,45,,FALSE,,,,,,,,,,,FALSE,,,,,,,,,,
955,flittle,psychic,"anticipation,frisk,speed-boost",https://raw.githubusercontent.com/PokeAPI/sprites/master/sprites/pokemon/other/official-artwork/955.png,30,35,30,55,30,75,,FALSE,,,,,,,,,,,FALSE,,,,,,,,,,
956,espathra,psychic,"opportunist,frisk,speed-boost",https://raw.githubusercontent.com/PokeAPI/sprites/master/sprites/pokemon/other/official-artwork/956.png,95,60,60,101,60,105,,FALSE,,,,,,,,,,,FALSE,,,,,,,,,,
957,tinkatink,"fairy,steel","mold-breaker,own-tempo,pickpocket",https://raw.githubusercontent.com/PokeAPI/sprites/master/sprites/pokemon/other/official-artwork/957.png,50,45,45,35,64,58,,FALSE,,,,,,,,,,,FALSE,,,,,,,,,,
958,tinkatuff,"fairy,steel","mold-breaker,own-tempo,pickpocket",https://raw.githubusercontent.com/PokeAPI/sprites/master/sprites/pokemon/other/official-artwork/958.png,65,55,55,45,82,78,,FALSE,,,,,,,,,,,FALSE,,,,,,,,,,
959,tinkaton,"fairy,steel","mold-breaker,own-tempo,pickpocket",https://raw.githubusercontent.com/PokeAPI/sprites/master/sprites/pokemon/other/official-artwork/959.png,85,75,77,70,105,94,,FALSE,,,,,,,,,,,FALSE,,,,,,,,,,
960,wiglett,water,"gooey,rattled,sand-veil",https://raw.githubusercontent.com/PokeAPI/sprites/master/sprites/pokemon/other/official-artwork/960.png,10,55,25,35,25,95,,FALSE,,,,,,,,,,,FALSE,,,,,,,,,,
961,wugtrio,water,"gooey,rattled,sand-veil",https://raw.githubusercontent.com/PokeAPI/sprites/master/sprites/pokemon/other/official-artwork/961.png,35,100,50,50,70,120,,FALSE,,,,,,,,,,,FALSE,,,,,,,,,,
962,bombirdier,"flying,dark","big-pecks,keen-eye,rocky-payload",https://raw.githubusercontent.com/PokeAPI/sprites/master/sprites/pokemon/other/official-artwork/962.png,70,103,85,60,85,82,,FALSE,,,,,,,,,,,FALSE,,,,,,,,,,
963,finizen,water,"water-veil,water-veil",https://raw.githubusercontent.com/PokeAPI/sprites/master/sprites/pokemon/other/official-artwork/963.png,70,45,40,45,40,75,,FALSE,,,,,,,,,,,FALSE,,,,,,,,,,
964,palafin-zero,water,"zero-to-hero,zero-to-hero",https://raw.githubusercontent.com/PokeAPI/sprites/master/sprites/pokemon/other/official-artwork/964.png,100,70,72,53,62,100,,FALSE,,,,,,,,,,,FALSE,,,,,,,,,,
965,varoom,"steel,poison","overcoat,slow-start",https://raw.githubusercontent.com/PokeAPI/sprites/master/sprites/pokemon/other/official-artwork/965.png,45,70,63,30,45,47,,FALSE,,,,,,,,,,,FALSE,,,,,,,,,,
966,revavroom,"steel,poison","overcoat,filter",https://raw.githubusercontent.com/PokeAPI/sprites/master/sprites/pokemon/other/official-artwork/966.png,80,119,90,54,67,90,,FALSE,,,,,,,,,,,FALSE,,,,,,,,,,
967,cyclizar,"dragon,normal","shed-skin,regenerator",https://raw.githubusercontent.com/PokeAPI/sprites/master/sprites/pokemon/other/official-artwork/967.png,70,95,65,85,65,121,,FALSE,,,,,,,,,,,FALSE,,,,,,,,,,
968,orthworm,steel,"earth-eater,sand-veil",https://raw.githubusercontent.com/PokeAPI/sprites/master/sprites/pokemon/other/official-artwork/968.png,70,85,145,60,55,65,,FALSE,,,,,,,,,,,FALSE,,,,,,,,,,
969,glimmet,"rock,poison","toxic-debris,corrosion",https://raw.githubusercontent.com/PokeAPI/sprites/master/sprites/pokemon/other/official-artwork/969.png,48,35,42,105,60,60,,FALSE,,,,,,,,,,,FALSE,,,,,,,,,,
970,glimmora,"rock,poison","toxic-debris,corrosion",https://raw.githubusercontent.com/PokeAPI/sprites/master/sprites/pokemon/other/official-artwork/970.png,83,55,90,130,81,86,,FALSE,,,,,,,,,,,FALSE,,,,,,,,,,
971,greavard,ghost,"pickup,fluffy",https://raw.githubusercontent.com/PokeAPI/sprites/master/sprites/pokemon/other/official-artwork/971.png,50,61,60,30,55,34,,FALSE,,,,,,,,,,,FALSE,,,,,,,,,,
972,houndstone,ghost,"sand-rush,fluffy",https://raw.githubusercontent.com/PokeAPI/sprites/master/sprites/pokemon/other/official-artwork/972.png,72,101,100,50,97,68,,FALSE,,,,,,,,,,,FALSE,,,,,,,,,,
973,flamigo,"flying,fighting","scrappy,tangled-feet,costar",https://raw.githubusercontent.com/PokeAPI/sprites/master/sprites/pokemon/other/official-artwork/973.png,82,115,74,75,64,90,,FALSE,,,,,,,,,,,FALSE,,,,,,,,,,
974,cetoddle,ice,"thick-fat,snow-cloak,sheer-force",https://raw.githubusercontent.com/PokeAPI/sprites/master/sprites/pokemon/other/official-artwork/974.png,108,68,45,30,40,43,,FALSE,,,,,,,,,,,FALSE,,,,,,,,,,
975,cetitan,ice,"thick-fat,slush-rush,sheer-force",https://raw.githubusercontent.com/PokeAPI/sprites/master/sprites/pokemon/other/official-artwork/975.png,170,113,65,45,55,73,,FALSE,,,,,,,,,,,FALSE,,,,,,,,,,
976,veluza,"water,psychic","mold-breaker,sharpness",https://raw.githubusercontent.com/PokeAPI/sprites/master/sprites/pokemon/other/official-artwork/976.png,90,102,73,78,65,70,,FALSE,,,,,,,,,,,FALSE,,,,,,,,,,
977,dondozo,water,"unaware,oblivious,water-veil",https://raw.githubusercontent.com/PokeAPI/sprites/master/sprites/pokemon/other/official-artwork/977.png,150,100,115,65,65,35,,FALSE,,,,,,,,,,,FALSE,,,,,,,,,,
978,tatsugiri-curly,"dragon,water","commander,storm-drain",https://raw.githubusercontent.com/PokeAPI/sprites/master/sprites/pokemon/other/official-artwork/978.png,68,50,60,120,95,82,,FALSE,,,,,,,,,,,FALSE,,,,,,,,,,
979,annihilape,"fighting,ghost","vital-spirit,inner-focus,defiant",https://raw.githubusercontent.com/PokeAPI/sprites/master/sprites/pokemon/other/official-artwork/979.png,110,115,80,50,90,90,,FALSE,,,,,,,,,,,FALSE,,,,,,,,,,
980,clodsire,"poison,ground","poison-point,water-absorb,unaware",https://raw.githubusercontent.com/PokeAPI/sprites/master/sprites/pokemon/other/official-artwork/980.png,130,75,60,45,100,20,,FALSE,,,,,,,,,,,FALSE,,,,,,,,,,
981,farigiraf,"normal,psychic","cud-chew,armor-tail,sap-sipper",https://raw.githubusercontent.com/PokeAPI/sprites/master/sprites/pokemon/other/official-artwork/981.png,120,90,70,110,70,60,,FALSE,,,,,,,,,,,FALSE,,,,,,,,,,
982,dudunsparce-two-segment,normal,"serene-grace,run-away,rattled",https://raw.githubusercontent.com/PokeAPI/sprites/master/sprites/pokemon/other/official-artwork/982.png,125,100,80,85,75,55,,FALSE,,,,,,,,,,,FALSE,,,,,,,,,,
983,kingambit,"dark,steel","defiant,supreme-overlord,pressure",https://raw.githubusercontent.com/PokeAPI/sprites/master/sprites/pokemon/other/official-artwork/983.png,100,135,120,60,85,50,,FALSE,,,,,,,,,,,FALSE,,,,,,,,,,
984,great-tusk,"ground,fighting",protosynthesis,https://raw.githubusercontent.com/PokeAPI/sprites/master/sprites/pokemon/other/official-artwork/984.png,115,131,131,53,53,87,Paradox,FALSE,,,,,,,,,,,FALSE,,,,,,,,,,
985,scream-tail,"fairy,psychic",protosynthesis,https://raw.githubusercontent.com/PokeAPI/sprites/master/sprites/pokemon/other/official-artwork/985.png,115,65,99,65,115,111,Paradox,FALSE,,,,,,,,,,,FALSE,,,,,,,,,,
986,brute-bonnet,"grass,dark",protosynthesis,https://raw.githubusercontent.com/PokeAPI/sprites/master/sprites/pokemon/other/official-artwork/986.png,111,127,99,79,99,55,Paradox,FALSE,,,,,,,,,,,FALSE,,,,,,,,,,
987,flutter-mane,"ghost,fairy",protosynthesis,https://raw.githubusercontent.com/PokeAPI/sprites/master/sprites/pokemon/other/official-artwork/987.png,55,55,55,135,135,135,Paradox,FALSE,,,,,,,,,,,FALSE,,,,,,,,,,
988,slither-wing,"bug,fighting",protosynthesis,https://raw.githubusercontent.com/PokeAPI/sprites/master/sprites/pokemon/other/official-artwork/988.png,85,135,79,85,105,81,Paradox,FALSE,,,,,,,,,,,FALSE,,,,,,,,,,
989,sandy-shocks,"electric,ground",protosynthesis,https://raw.githubusercontent.com/PokeAPI/sprites/master/sprites/pokemon/other/official-artwork/989.png,85,81,97,121,85,101,Paradox,FALSE,,,,,,,,,,,FALSE,,,,,,,,,,
990,iron-treads,"ground,steel",quark-drive,https://raw.githubusercontent.com/PokeAPI/sprites/master/sprites/pokemon/other/official-artwork/990.png,90,112,120,72,70,106,Paradox,FALSE,,,,,,,,,,,FALSE,,,,,,,,,,
991,iron-bundle,"ice,water",quark-drive,https://raw.githubusercontent.com/PokeAPI/sprites/master/sprites/pokemon/other/official-artwork/991.png,56,80,114,124,60,136,Paradox,FALSE,,,,,,,,,,,FALSE,,,,,,,,,,
992,iron-hands,"fighting,electric",quark-drive,https://raw.githubusercontent.com/PokeAPI/sprites/master/sprites/pokemon/other/official-artwork/992.png,154,140,108,50,68,50,Paradox,FALSE,,,,,,,,,,,FALSE,,,,,,,,,,
993,iron-jugulis,"dark,flying",quark-drive,https://raw.githubusercontent.com/PokeAPI/sprites/master/sprites/pokemon/other/official-artwork/993.png,94,80,86,122,80,108,Paradox,FALSE,,,,,,,,,,,FALSE,,,,,,,,,,
994,iron-moth,"fire,poison",quark-drive,https://raw.githubusercontent.com/PokeAPI/sprites/master/sprites/pokemon/other/official-artwork/994.png,80,70,60,140,110,110,Paradox,FALSE,,,,,,,,,,,FALSE,,,,,,,,,,
995,iron-thorns,"rock,electric",quark-drive,https://raw.githubusercontent.com/PokeAPI/sprites/master/sprites/pokemon/other/official-artwork/995.png,100,134,110,70,84,72,Paradox,FALSE,,,,,,,,,,,FALSE,,,,,,,,,,
996,frigibax,"dragon,ice","thermal-exchange,ice-body",https://raw.githubusercontent.com/PokeAPI/sprites/master/sprites/pokemon/other/official-artwork/996.png,65,75,45,35,45,55,,FALSE,,,,,,,,,,,FALSE,,,,,,,,,,
997,arctibax,"dragon,ice","thermal-exchange,ice-body",https://raw.githubusercontent.com/PokeAPI/sprites/master/sprites/pokemon/other/official-artwork/997.png,90,95,66,45,65,62,,FALSE,,,,,,,,,,,FALSE,,,,,,,,,,
998,baxcalibur,"dragon,ice","thermal-exchange,ice-body",https://raw.githubusercontent.com/PokeAPI/sprites/master/sprites/pokemon/other/official-artwork/998.png,115,145,92,75,86,87,,FALSE,,,,,,,,,,,FALSE,,,,,,,,,,
999,gimmighoul,ghost,rattled,https://raw.githubusercontent.com/PokeAPI/sprites/master/sprites/pokemon/other/official-artwork/999.png,45,30,70,75,70,10,,FALSE,,,,,,,,,,,FALSE,,,,,,,,,,
1000,gholdengo,"steel,ghost",good-as-gold,https://raw.githubusercontent.com/PokeAPI/sprites/master/sprites/pokemon/other/official-artwork/1000.png,87,60,95,133,91,84,,FALSE,,,,,,,,,,,FALSE,,,,,,,,,,
1001,wo-chien,"dark,grass",tablets-of-ruin,https://raw.githubusercontent.com/PokeAPI/sprites/master/sprites/pokemon/other/official-artwork/1001.png,85,85,100,95,135,70,Sub-Legendary,FALSE,,,,,,,,,,,FALSE,,,,,,,,,,
1002,chien-pao,"dark,ice",sword-of-ruin,https://raw.githubusercontent.com/PokeAPI/sprites/master/sprites/pokemon/other/official-artwork/1002.png,80,120,80,90,65,135,Sub-Legendary,FALSE,,,,,,,,,,,FALSE,,,,,,,,,,
1003,ting-lu,"dark,ground",vessel-of-ruin,https://raw.githubusercontent.com/PokeAPI/sprites/master/sprites/pokemon/other/official-artwork/1003.png,155,110,125,55,80,45,Sub-Legendary,FALSE,,,,,,,,,,,FALSE,,,,,,,,,,
1004,chi-yu,"dark,fire",beads-of-ruin,https://raw.githubusercontent.com/PokeAPI/sprites/master/sprites/pokemon/other/official-artwork/1004.png,55,80,80,135,120,100,Sub-Legendary,FALSE,,,,,,,,,,,FALSE,,,,,,,,,,
1005,roaring-moon,"dragon,dark",protosynthesis,https://raw.githubusercontent.com/PokeAPI/sprites/master/sprites/pokemon/other/official-artwork/1005.png,105,139,71,55,101,119,Paradox,FALSE,,,,,,,,,,,FALSE,,,,,,,,,,
1006,iron-valiant,"fairy,fighting",quark-drive,https://raw.githubusercontent.com/PokeAPI/sprites/master/sprites/pokemon/other/official-artwork/1006.png,74,130,90,120,60,116,Paradox,FALSE,,,,,,,,,,,FALSE,,,,,,,,,,
1007,koraidon,"fighting,dragon",orichalcum-pulse,https://raw.githubusercontent.com/PokeAPI/sprites/master/sprites/pokemon/other/official-artwork/1007.png,100,135,115,85,100,135,Legendary,FALSE,,,,,,,,,,,FALSE,,,,,,,,,,
1008,miraidon,"electric,dragon",hadron-engine,https://raw.githubusercontent.com/PokeAPI/sprites/master/sprites/pokemon/other/official-artwork/1008.png,100,85,100,135,115,135,Legendary,FALSE,,,,,,,,,,,FALSE,,,,,,,,,,
1009,walking-wake,"water,dragon",protosynthesis,https://raw.githubusercontent.com/PokeAPI/sprites/master/sprites/pokemon/other/official-artwork/1009.png,99,83,91,125,83,109,Paradox,FALSE,,,,,,,,,,,FALSE,,,,,,,,,,
1010,iron-leaves,"grass,psychic",quark-drive,https://raw.githubusercontent.com/PokeAPI/sprites/master/sprites/pokemon/other/official-artwork/1010.png,90,130,88,70,108,104,Paradox,FALSE,,,,,,,,,,,FALSE,,,,,,,,,,
1011,dipplin,"grass,dragon","supersweet-syrup,gluttony,sticky-hold",https://raw.githubusercontent.com/PokeAPI/sprites/master/sprites/pokemon/other/official-artwork/1011.png,80,80,110,95,80,40,,FALSE,,,,,,,,,,,FALSE,,,,,,,,,,
1012,poltchageist,"grass,ghost","hospitality,heatproof",https://raw.githubusercontent.com/PokeAPI/sprites/master/sprites/pokemon/other/official-artwork/1012.png,40,45,45,74,54,50,,FALSE,,,,,,,,,,,FALSE,,,,,,,,,,
1013,sinistcha,"grass,ghost","hospitality,heatproof",https://raw.githubusercontent.com/PokeAPI/sprites/master/sprites/pokemon/other/official-artwork/1013.png,71,60,106,121,80,70,,FALSE,,,,,,,,,,,FALSE,,,,,,,,,,
1014,okidogi,"poison,fighting","toxic-chain,guard-dog",https://raw.githubusercontent.com/PokeAPI/sprites/master/sprites/pokemon/other/official-artwork/1014.png,88,128,115,58,86,80,Sub-Legendary,FALSE,,,,,,,,,,,FALSE,,,,,,,,,,
1015,munkidori,"poison,psychic","toxic-chain,frisk",https://raw.githubusercontent.com/PokeAPI/sprites/master/sprites/pokemon/other/official-artwork/1015.png,88,75,66,130,90,106,Sub-Legendary,FALSE,,,,,,,,,,,FALSE,,,,,,,,,,
1016,fezandipiti,"poison,fairy","toxic-chain,technician",https://raw.githubusercontent.com/PokeAPI/sprites/master/sprites/pokemon/other/official-artwork/1016.png,88,91,82,70,125,99,Sub-Legendary,FALSE,,,,,,,,,,,FALSE,,,,,,,,,,
1017,ogerpon,grass,defiant,https://raw.githubusercontent.com/PokeAPI/sprites/master/sprites/pokemon/other/official-artwork/1017.png,80,120,84,60,96,110,Sub-Legendary,FALSE,,,,,,,,,,,FALSE,,,,,,,,,,
1018,archaludon,"steel,dragon","stamina,sturdy,stalwart",https://raw.githubusercontent.com/PokeAPI/sprites/master/sprites/pokemon/other/official-artwork/1018.png,90,105,130,125,65,85,,FALSE,,,,,,,,,,,FALSE,,,,,,,,,,
1019,hydrapple,"grass,dragon","supersweet-syrup,regenerator,sticky-hold",https://raw.githubusercontent.com/PokeAPI/sprites/master/sprites/pokemon/other/official-artwork/1019.png,106,80,110,120,80,44,,FALSE,,,,,,,,,,,FALSE,,,,,,,,,,
1020,gouging-fire,"fire,dragon",protosynthesis,https://raw.githubusercontent.com/PokeAPI/sprites/master/sprites/pokemon/other/official-artwork/1020.png,105,115,121,65,93,91,Paradox,FALSE,,,,,,,,,,,FALSE,,,,,,,,,,
1021,raging-bolt,"electric,dragon",protosynthesis,https://raw.githubusercontent.com/PokeAPI/sprites/master/sprites/pokemon/other/official-artwork/1021.png,125,73,91,137,89,75,Paradox,FALSE,,,,,,,,,,,FALSE,,,,,,,,,,
1022,iron-boulder,"rock,psychic",quark-drive,https://raw.githubusercontent.com/PokeAPI/sprites/master/sprites/pokemon/other/official-artwork/1022.png,90,120,80,68,108,124,Paradox,FALSE,,,,,,,,,,,FALSE,,,,,,,,,,
1023,iron-crown,"steel,psychic",quark-drive,https://raw.githubusercontent.com/PokeAPI/sprites/master/sprites/pokemon/other/official-artwork/1023.png,90,72,100,122,108,98,Paradox,FALSE,,,,,,,,,,,FALSE,,,,,,,,,,
1024,terapagos,normal,tera-shift,https://raw.githubusercontent.com/PokeAPI/sprites/master/sprites/pokemon/other/official-artwork/1024.png,90,65,85,65,85,60,Legendary,FALSE,,,,,,,,,,,FALSE,,,,,,,,,,
1025,pecharunt,"poison,ghost",poison-puppeteer,https://raw.githubusercontent.com/PokeAPI/sprites/master/sprites/pokemon/other/official-artwork/1025.png,88,88,160,88,88,88,Mythical,FALSE,,,,,,,,,,,FALSE,,,,,,,,,,
1496,iron-redundancy,"electric,psychic","quark drive",https://cdn.craftingstore.net/rPPmDHlLQ1/57d7680d54f4e5c75d016e6271238592/3ubzigwawvtjyw8u3zoa.gif,80,122,84,100,84,100,Paradox,FALSE,,,,,,,,,,,FALSE,,,,,,,,,,
1497,iron-bastion,"poison,ground","quark drive",https://cdn.craftingstore.net/rPPmDHlLQ1/57d7680d54f4e5c75d016e6271238592/3ubzigwawvtjyw8u3zoa.gif,82,96,74,130,88,100,Paradox,FALSE,,,,,,,,,,,FALSE,,,,,,,,,,
1498,anticore,"bug,dragon","adaptability,chimeric",https://cdn.craftingstore.net/rPPmDHlLQ1/57d7680d54f4e5c75d016e6271238592/3ubzigwawvtjyw8u3zoa.gif,95,105,85,105,85,95,Mercurial,FALSE,,,,,,,,,,,FALSE,,,,,,,,,,
1499,oniki,dark,"prankster,run-away",https://cdn.craftingstore.net/rPPmDHlLQ1/57d7680d54f4e5c75d016e6271238592/3ubzigwawvtjyw8u3zoa.gif,50,65,40,30,40,75,,FALSE,,,,,,,,,,,FALSE,,,,,,,,,,
1500,hionishi,"dark,fighting",spirit-scavenger,https://cdn.craftingstore.net/rPPmDHlLQ1/57d7680d54f4e5c75d016e6271238592/3ubzigwawvtjyw8u3zoa.gif,80,70,95,135,120,100,,FALSE,,,,,,,,,,,FALSE,,,,,,,,,,
1501,iron-stratus,"ghost,electric",quark-drive,https://cdn.craftingstore.net/rPPmDHlLQ1/57d7680d54f4e5c75d016e6271238592/3ubzigwawvtjyw8u3zoa.gif,82,60,70,116,124,118,Paradox,FALSE,,,,,,,,,,,FALSE,,,,,,,,,,
1502,iron-lullaby,"normal,steel",quark-drive,https://cdn.craftingstore.net/rPPmDHlLQ1/57d7680d54f4e5c75d016e6271238592/3ubzigwawvtjyw8u3zoa.gif,64,86,91,109,102,118,Paradox,FALSE,,,,,,,,,,,FALSE,,,,,,,,,,
1503,iron-grinder,"ground,fairy",quark-drive,https://cdn.craftingstore.net/rPPmDHlLQ1/57d7680d54f4e5c75d016e6271238592/3ubzigwawvtjyw8u3zoa.gif,72,146,134,58,96,64,Paradox,FALSE,,,,,,,,,,,FALSE,,,,,,,,,,
1504,sunfauna,"dragon,grass","thick-fat,contrary,chlorophyll",https://cdn.craftingstore.net/rPPmDHlLQ1/57d7680d54f4e5c75d016e6271238592/3ubzigwawvtjyw8u3zoa.gif,95,115,100,65,85,42,,FALSE,,,,,,,,,,,FALSE,,,,,,,,,,
1508,smogging,"fire,rock","white-smoke,levitate,flame-body",https://cdn.craftingstore.net/rPPmDHlLQ1/57d7680d54f4e5c75d016e6271238592/3ubzigwawvtjyw8u3zoa.gif,50,45,60,90,40,55,,FALSE,,,,,,,,,,,FALSE,,,,,,,,,,
1509,smouldering,"fire,rock","choke-smoke,levitate,drought",https://cdn.craftingstore.net/rPPmDHlLQ1/57d7680d54f4e5c75d016e6271238592/3ubzigwawvtjyw8u3zoa.gif,65,70,65,120,90,80,,FALSE,,,,,,,,,,,FALSE,,,,,,,,,,
1510,unilite,"fairy,normal","clear-body,stamina,dazzling",https://cdn.craftingstore.net/rPPmDHlLQ1/57d7680d54f4e5c75d016e6271238592/3ubzigwawvtjyw8u3zoa.gif,40,42,42,62,58,66,,FALSE,,,,,,,,,,,FALSE,,,,,,,,,,
1511,qilinasus,"fairy,flying","clear-body,wind-rider,gale-wings",https://cdn.craftingstore.net/rPPmDHlLQ1/57d7680d54f4e5c75d016e6271238592/3ubzigwawvtjyw8u3zoa.gif,72,105,81,80,90,115,,FALSE,,,,,,,,,,,FALSE,,,,,,,,,,
1512,ignivarg,"fire,ice","fur-coat,prankster,quick-feet",https://cdn.craftingstore.net/rPPmDHlLQ1/57d7680d54f4e5c75d016e6271238592/3ubzigwawvtjyw8u3zoa.gif,47,64,45,34,65,55,,FALSE,,,,,,,,,,,FALSE,,,,,,,,,,
1513,skoldurn,"fire,ice","fur-coat,snow-warning,slush-rush",https://cdn.craftingstore.net/rPPmDHlLQ1/57d7680d54f4e5c75d016e6271238592/3ubzigwawvtjyw8u3zoa.gif,90,115,70,93,125,80,,FALSE,,,,,,,,,,,FALSE,,,,,,,,,,
1514,orinari,"psychic,normal","fluffy,storm-chaser",https://cdn.craftingstore.net/rPPmDHlLQ1/57d7680d54f4e5c75d016e6271238592/3ubzigwawvtjyw8u3zoa.gif,76,58,51,29,55,51,,FALSE,,,,,,,,,,,FALSE,,,,,,,,,,
1515,kachoron,"psychic,normal","fluffy,storm-chaser",https://cdn.craftingstore.net/rPPmDHlLQ1/57d7680d54f4e5c75d016e6271238592/3ubzigwawvtjyw8u3zoa.gif,128,106,87,65,83,76,,FALSE,,,,,,,,,,,FALSE,,,,,,,,,,
1516,shemurai,"ghost,steel",wonder-guard,https://cdn.craftingstore.net/rPPmDHlLQ1/57d7680d54f4e5c75d016e6271238592/3ubzigwawvtjyw8u3zoa.gif,1,107,48,90,48,75,,FALSE,,,,,,,,,,,FALSE,,,,,,,,,,
1517,skelaymore,ground,"rock-head,sharpness,skull-splinter",https://cdn.craftingstore.net/rPPmDHlLQ1/57d7680d54f4e5c75d016e6271238592/3ubzigwawvtjyw8u3zoa.gif,95,85,120,60,110,45,,FALSE,,,,,,,,,,,FALSE,,,,,,,,,,
1518,buneerie,"dark,ghost","infiltrator,moody,aura-break",https://cdn.craftingstore.net/rPPmDHlLQ1/57d7680d54f4e5c75d016e6271238592/3ubzigwawvtjyw8u3zoa.gif,65,66,44,44,56,85,,FALSE,,,,,,,,,,,FALSE,,,,,,,,,,
1519,loplushie,"dark,ghost","infiltrator,moody,aura-break",https://cdn.craftingstore.net/rPPmDHlLQ1/57d7680d54f4e5c75d016e6271238592/3ubzigwawvtjyw8u3zoa.gif,70,39,86,91,89,105,,FALSE,,,,,,,,,,,FALSE,,,,,,,,,,
1520,p0rygone,"normal,poison","regenerator,corrosion,analytic",https://cdn.craftingstore.net/rPPmDHlLQ1/57d7680d54f4e5c75d016e6271238592/3ubzigwawvtjyw8u3zoa.gif,95,90,110,60,100,70,,FALSE,,,,,,,,,,,FALSE,,,,,,,,,,
1521,rapidusk,"fire,ghost","chilling-neigh,grim-neigh,defiant",https://cdn.craftingstore.net/rPPmDHlLQ1/57d7680d54f4e5c75d016e6271238592/3ubzigwawvtjyw8u3zoa.gif,66,95,61,95,63,120,,FALSE,,,,,,,,,,,FALSE,,,,,,,,,,
1522,valpixie,"normal,fairy","steely-spirit,mirror-armor,levitate",https://cdn.craftingstore.net/rPPmDHlLQ1/57d7680d54f4e5c75d016e6271238592/3ubzigwawvtjyw8u3zoa.gif,50,60,55,50,50,80,,FALSE,,,,,,,,,,,FALSE,,,,,,,,,,
1523,valkaiden,"normal,fairy","steely-spirit,mirror-armor,levitate",https://cdn.craftingstore.net/rPPmDHlLQ1/57d7680d54f4e5c75d016e6271238592/3ubzigwawvtjyw8u3zoa.gif,55,75,60,60,55,95,,FALSE,,,,,,,,,,,FALSE,,,,,,,,,,
1524,valkhalla,"normal,fairy","steely-spirit,mirror-armor,levitate",https://cdn.craftingstore.net/rPPmDHlLQ1/57d7680d54f4e5c75d016e6271238592/3ubzigwawvtjyw8u3zoa.gif,60,130,60,80,55,120,,FALSE,,,,,,,,,,,FALSE,,,,,,,,,,
1525,ninjinsen,"bug,flying","speed-boost,sharpness",https://cdn.craftingstore.net/rPPmDHlLQ1/57d7680d54f4e5c75d016e6271238592/3ubzigwawvtjyw8u3zoa.gif,61,105,50,75,55,160,,FALSE,,,,,,,,,,,FALSE,,,,,,,,,,
1526,crustherm,"fire,water","water-absorb,long-reach,sheer-force",https://cdn.craftingstore.net/rPPmDHlLQ1/57d7680d54f4e5c75d016e6271238592/3ubzigwawvtjyw8u3zoa.gif,65,110,55,100,65,80,,FALSE,,,,,,,,,,,FALSE,,,,,,,,,,
1527,geshi,"fire,dark","levitate,flash-fire",https://cdn.craftingstore.net/rPPmDHlLQ1/57d7680d54f4e5c75d016e6271238592/3ubzigwawvtjyw8u3zoa.gif,35,100,35,40,25,75,,FALSE,,,,,,,,,,,FALSE,,,,,,,,,,
1528,haenshi,"fire,dark","levitate,tough-claws",https://cdn.craftingstore.net/rPPmDHlLQ1/57d7680d54f4e5c75d016e6271238592/3ubzigwawvtjyw8u3zoa.gif,55,115,55,50,40,90,,FALSE,,,,,,,,,,,FALSE,,,,,,,,,,
1529,blazegor,"fire,dark","defiant,tough-claws",https://cdn.craftingstore.net/rPPmDHlLQ1/57d7680d54f4e5c75d016e6271238592/3ubzigwawvtjyw8u3zoa.gif,65,130,80,65,60,100,,FALSE,,,,,,,,,,,FALSE,,,,,,,,,,
1530,tricky-gems,"dark,ground",protosynthesis,https://cdn.craftingstore.net/rPPmDHlLQ1/57d7680d54f4e5c75d016e6271238592/3ubzigwawvtjyw8u3zoa.gif,90,95,92,90,138,65,,FALSE,,,,,,,,,,,FALSE,,,,,,,,,,
1531,lotuzen,"grass,fairy","flower-veil,natural-cure,misty-surge",https://cdn.craftingstore.net/rPPmDHlLQ1/57d7680d54f4e5c75d016e6271238592/3ubzigwawvtjyw8u3zoa.gif,80,25,73,89,81,112,,FALSE,,,,,,,,,,,FALSE,,,,,,,,,,
1532,charring-fangs,"fire,dragon",protosynthesis,https://cdn.craftingstore.net/rPPmDHlLQ1/57d7680d54f4e5c75d016e6271238592/3ubzigwawvtjyw8u3zoa.gif,117,139,89,110,70,45,,FALSE,,,,,,,,,,,FALSE,,,,,,,,,,
1534,ragank,dark,"gluttony,pickpocket,scarf-down",https://cdn.craftingstore.net/rPPmDHlLQ1/57d7680d54f4e5c75d016e6271238592/3ubzigwawvtjyw8u3zoa.gif,35,35,35,55,45,45,,FALSE,,,,,,,,,,,FALSE,,,,,,,,,,
1535,raglutton,dark,"gluttony,pickpocket,scarf-down",https://cdn.craftingstore.net/rPPmDHlLQ1/57d7680d54f4e5c75d016e6271238592/3ubzigwawvtjyw8u3zoa.gif,60,65,65,90,90,90,,FALSE,,,,,,,,,,,FALSE,,,,,,,,,,
1536,mortapult,"ice,ground","snow-warning,rocky-payload",https://cdn.craftingstore.net/rPPmDHlLQ1/57d7680d54f4e5c75d016e6271238592/3ubzigwawvtjyw8u3zoa.gif,81,105,85,125,70,134,,FALSE,,,,,,,,,,,FALSE,,,,,,,,,,
1537,akulbore,"ice,fire","ice-body,refrigerate,unsettle",https://cdn.craftingstore.net/rPPmDHlLQ1/57d7680d54f4e5c75d016e6271238592/3ubzigwawvtjyw8u3zoa.gif,110,98,105,30,125,82,,FALSE,,,,,,,,,,,FALSE,,,,,,,,,,
1538,mentamite,"rock,psychic","power-spot,sturdy,regenerator",https://cdn.craftingstore.net/rPPmDHlLQ1/57d7680d54f4e5c75d016e6271238592/3ubzigwawvtjyw8u3zoa.gif,80,70,90,120,115,60,,FALSE,,,,,,,,,,,FALSE,,,,,,,,,,
1539,mentrattel,"rock,psychic","power-spot,intimidate,multiscale",https://cdn.craftingstore.net/rPPmDHlLQ1/57d7680d54f4e5c75d016e6271238592/3ubzigwawvtjyw8u3zoa.gif,80,70,110,130,115,95,,FALSE,,,,,,,,,,,FALSE,,,,,,,,,,
1540,cherug,flying,"wonder-skin,dazzling",https://cdn.craftingstore.net/rPPmDHlLQ1/57d7680d54f4e5c75d016e6271238592/3ubzigwawvtjyw8u3zoa.gif,70,25,55,45,55,70,,FALSE,,,,,,,,,,,FALSE,,,,,,,,,,
1541,shabluraphim,flying,"wonder-skin,dazzling",https://cdn.craftingstore.net/rPPmDHlLQ1/57d7680d54f4e5c75d016e6271238592/3ubzigwawvtjyw8u3zoa.gif,105,40,70,65,70,105,,FALSE,,,,,,,,,,,FALSE,,,,,,,,,,
